{"stats":{"minecraft:mined":{"minecraft:grass":1,"minecraft:oak_log":14,"minecraft:stone":19,"minecraft:moss_block":1,"minecraft:crafting_table":1},"minecraft:picked_up":{"minecraft:stick":2,"minecraft:crafting_table":1,"minecraft:oak_log":14,"minecraft:oak_sapling":1,"minecraft:moss_block":1,"minecraft:cobblestone":19},"minecraft:crafted":{"minecraft:oak_planks":28,"minecraft:stone_axe":1,"minecraft:crafting_table":1,"minecraft:stick":8,"minecraft:wooden_pickaxe":1,"minecraft:stone_pickaxe":1},"minecraft:custom":{"minecraft:open_barrel":2,"minecraft:time_since_rest":5548,"minecraft:play_time":5548,"minecraft:sprint_one_cm":13360,"minecraft:walk_one_cm":7354,"minecraft:sneak_time":29,"minecraft:jump":64,"minecraft:time_since_death":5548,"minecraft:total_world_time":5548,"minecraft:climb_one_cm":84,"minecraft:interact_with_crafting_table":4,"minecraft:fall_one_cm":988,"minecraft:fly_one_cm":8743},"minecraft:used":{"minecraft:moss_block":1,"minecraft:stone_axe":8,"minecraft:crafting_table":1,"minecraft:stone_pickaxe":14,"minecraft:wooden_pickaxe":5}},"DataVersion":3465}