{"stats":{"minecraft:killed":{"minecraft:pig":1,"minecraft:zombie_villager":1,"minecraft:spider":1,"minecraft:creeper":1,"creeperoverhaul:dripstone_creeper":1,"minecraft:sheep":1,"minecraft:skeleton":6,"minecraft:zombie":17,"minecraft:glow_squid":1,"minecraft:cow":4},"minecraft:mined":{"minecraft:flowering_azalea":1,"minecraft:mossy_cobblestone":4,"minecraft:deepslate_diamond_ore":5,"minecraft:cherry_log":5,"minecraft:soul_fire":2,"minecraft:dark_oak_log":6,"minecraft:clay":1,"minecraft:crafting_table":5,"minecraft:cave_vines_plant":1,"minecraft:granite":5,"minecraft:tall_grass":4,"minecraft:deepslate_gold_ore":4,"minecraft:moss_block":3,"minecraft:furnace":3,"minecraft:mud":5,"minecraft:iron_ore":26,"minecraft:mangrove_leaves":2,"minecraft:deepslate_lapis_ore":4,"minecraft:grass":7,"minecraft:coal_ore":35,"minecraft:oak_log":22,"minecraft:cave_vines":2,"minecraft:deepslate_iron_ore":13,"minecraft:bamboo":1,"minecraft:stone":27,"minecraft:small_dripleaf":1,"minecraft:gold_ore":4,"minecraft:oak_leaves":3,"minecraft:deepslate":6},"minecraft:picked_up":{"minecraft:mud":5,"minecraft:crafting_table":7,"minecraft:cherry_planks":20,"minecraft:glow_ink_sac":1,"minecraft:leather":5,"minecraft:wooden_pickaxe":1,"minecraft:potion":1,"minecraft:oak_log":22,"minecraft:gunpowder":1,"minecraft:lapis_lazuli":23,"minecraft:string":5,"minecraft:bone":8,"minecraft:bow":2,"minecraft:wheat_seeds":4,"minecraft:cobbled_deepslate":6,"minecraft:raw_gold":8,"minecraft:beef":6,"minecraft:stone_pickaxe":2,"minecraft:bamboo":12,"minecraft:moss_block":4,"minecraft:oak_planks":64,"minecraft:flowering_azalea":1,"minecraft:furnace":3,"minecraft:dark_oak_sapling":1,"minecraft:stick":13,"minecraft:raw_iron":59,"minecraft:porkchop":2,"minecraft:jungle_planks":26,"minecraft:cherry_log":9,"minecraft:pointed_dripstone":1,"minecraft:dark_oak_log":12,"minecraft:mossy_cobblestone":4,"minecraft:stone_sword":1,"minecraft:arrow":5,"minecraft:rotten_flesh":15,"minecraft:slime_ball":3,"minecraft:diamond":5,"minecraft:stone_axe":4,"minecraft:granite":5,"minecraft:oak_sapling":2,"minecraft:glow_berries":44,"minecraft:mutton":2,"minecraft:coal":101,"minecraft:white_wool":3,"minecraft:cobblestone":85},"minecraft:dropped":{"minecraft:iron_ingot":20,"minecraft:water_bucket":1,"minecraft:iron_sword":1,"minecraft:stone_axe":1,"minecraft:moss_block":2,"minecraft:wheat_seeds":4,"minecraft:cobbled_deepslate":3,"minecraft:crafting_table":1,"minecraft:dark_oak_sapling":1,"minecraft:pointed_dripstone":1,"minecraft:rotten_flesh":1,"minecraft:granite":5,"minecraft:stick":64,"minecraft:shield":1,"minecraft:oak_sapling":1,"minecraft:iron_axe":1,"minecraft:flowering_azalea":1,"minecraft:iron_pickaxe":1,"minecraft:string":5},"minecraft:used":{"minecraft:moss_block":1,"minecraft:cooked_mutton":2,"minecraft:water_bucket":2,"minecraft:stone_sword":100,"minecraft:oak_planks":23,"minecraft:stone_pickaxe":51,"minecraft:shield":14,"minecraft:wooden_pickaxe":5,"minecraft:iron_sword":15,"minecraft:iron_chestplate":1,"minecraft:torch":17,"minecraft:glow_berries":54,"minecraft:mossy_cobblestone":4,"minecraft:crafting_table":6,"minecraft:axolotl_bucket":1,"minecraft:dark_oak_planks":5,"minecraft:iron_pickaxe":92,"minecraft:iron_helmet":1,"minecraft:diamond_sword":14,"minecraft:iron_boots":1,"minecraft:bow":4,"minecraft:cobblestone":15,"minecraft:stone_axe":43,"minecraft:furnace":5,"minecraft:cooked_porkchop":4,"minecraft:bucket":3,"minecraft:cooked_beef":6,"minecraft:cobbled_deepslate":3,"minecraft:iron_leggings":1},"minecraft:custom":{"minecraft:interact_with_furnace":40,"minecraft:mob_kills":34,"minecraft:interact_with_crafting_table":15,"minecraft:open_barrel":2,"minecraft:leave_game":3,"minecraft:time_since_death":58216,"minecraft:climb_one_cm":1809,"minecraft:time_since_rest":58243,"minecraft:sprint_one_cm":237486,"minecraft:damage_taken":1799,"minecraft:walk_one_cm":162046,"minecraft:damage_blocked_by_shield":340,"minecraft:drop":21,"minecraft:damage_dealt":5974,"minecraft:swim_one_cm":52408,"minecraft:fly_one_cm":214450,"minecraft:play_time":80154,"minecraft:walk_under_water_one_cm":14645,"minecraft:crouch_one_cm":9577,"minecraft:sneak_time":3152,"minecraft:deaths":1,"minecraft:jump":2257,"minecraft:walk_on_water_one_cm":32071,"minecraft:total_world_time":80154,"minecraft:fall_one_cm":38436},"minecraft:crafted":{"minecraft:cooked_beef":6,"minecraft:cherry_planks":20,"minecraft:oak_planks":88,"minecraft:cooked_porkchop":4,"minecraft:crafting_table":1,"minecraft:wooden_pickaxe":1,"minecraft:iron_helmet":1,"minecraft:iron_sword":1,"minecraft:furnace":3,"minecraft:stone_axe":1,"minecraft:cooked_mutton":2,"minecraft:air":0,"minecraft:iron_boots":1,"minecraft:iron_chestplate":1,"minecraft:shield":1,"minecraft:stick":48,"minecraft:iron_ingot":39,"minecraft:stone_pickaxe":1,"minecraft:iron_pickaxe":1,"minecraft:stone_sword":1,"minecraft:iron_leggings":1,"minecraft:torch":44,"minecraft:dark_oak_planks":24}},"DataVersion":3465}