{"stats":{"minecraft:killed":{"minecraft:spider":2,"creeperoverhaul:dripstone_creeper":1,"minecraft:skeleton":7,"endermanoverhaul:desert_enderman":1,"minecraft:pig":1,"minecraft:zombie_villager":1,"minecraft:salmon":2,"minecraft:creeper":1,"minecraft:sheep":4,"minecraft:pillager":1,"minecraft:zombie":19,"minecraft:glow_squid":1,"minecraft:cow":4,"endermanoverhaul:scarab":3,"friendsandfoes:mauler":2,"minecraft:drowned":2,"minecraft:husk":3,"creeperoverhaul:ocean_creeper":2,"minecraft:player":1},"minecraft:mined":{"minecraft:dark_oak_planks":1,"minecraft:stone_pressure_plate":1,"minecraft:spruce_planks":2,"minecraft:farmland":1,"minecraft:cherry_log":5,"minecraft:brewing_stand":1,"minecraft:obsidian":1,"minecraft:spruce_trapdoor":7,"minecraft:cave_vines_plant":1,"minecraft:granite":5,"minecraft:hopper":2,"minecraft:tall_seagrass":2,"minecraft:iron_ore":26,"minecraft:deepslate_lapis_ore":4,"minecraft:cave_vines":2,"minecraft:flowering_azalea_leaves":2,"minecraft:oak_stairs":2,"minecraft:azalea_leaves":6,"minecraft:azalea":3,"minecraft:tripwire":4,"minecraft:cut_sandstone":9,"minecraft:brown_mushroom":37,"minecraft:kelp_plant":1,"minecraft:soul_fire":2,"minecraft:orange_terracotta":2,"minecraft:clay":1,"minecraft:melon":1,"minecraft:chest":1,"minecraft:dead_bush":1,"minecraft:cobblestone":9,"minecraft:sugar_cane":6,"minecraft:oak_planks":12,"minecraft:wall_torch":1,"minecraft:mud":5,"minecraft:tnt":4,"minecraft:grass":7,"minecraft:oak_log":28,"minecraft:sand":17,"minecraft:dirt":3,"minecraft:tripwire_hook":2,"minecraft:oak_leaves":3,"minecraft:deepslate":6,"minecraft:mossy_cobblestone":4,"minecraft:deepslate_diamond_ore":5,"minecraft:dark_oak_log":6,"minecraft:lever":1,"minecraft:ladder":1,"minecraft:decorated_pot":1,"minecraft:spruce_leaves":58,"minecraft:cartography_table":1,"minecraft:moss_block":3,"minecraft:red_mushroom":44,"minecraft:sandstone":6,"minecraft:hay_block":70,"minecraft:spruce_sapling":3,"minecraft:furnace":4,"minecraft:gold_block":1,"minecraft:bookshelf":7,"minecraft:deepslate_iron_ore":13,"minecraft:bamboo":1,"minecraft:stone":28,"minecraft:flowering_azalea":1,"minecraft:smooth_sandstone":54,"minecraft:crafting_table":7,"minecraft:emerald_ore":2,"minecraft:lectern":106,"minecraft:tall_grass":6,"minecraft:deepslate_gold_ore":4,"minecraft:lime_bed":1,"minecraft:spruce_log":28,"minecraft:birch_leaves":1,"minecraft:mangrove_leaves":2,"minecraft:coal_ore":50,"minecraft:mycelium":1,"minecraft:small_dripleaf":1,"minecraft:gold_ore":4},"minecraft:picked_up":{"minecraft:iron_chestplate":3,"minecraft:suspicious_stew":1,"minecraft:diamond_sword":3,"minecraft:oak_stairs":2,"minecraft:potion":3,"minecraft:enchanted_book":1,"minecraft:brewing_stand":2,"minecraft:string":2908,"minecraft:iron_leggings":3,"minecraft:experience_bottle":6,"minecraft:beetroot":1,"minecraft:cobbled_deepslate":6,"minecraft:spruce_planks":2,"minecraft:iron_pickaxe":3,"minecraft:melon_slice":6,"minecraft:furnace":6,"minecraft:stick":114,"minecraft:torch":41,"minecraft:porkchop":2,"minecraft:cherry_log":11,"minecraft:pointed_dripstone":1,"minecraft:goat_horn":1,"minecraft:stone_sword":1,"minecraft:rotten_flesh":60,"minecraft:bookshelf":5,"minecraft:obsidian":7,"minecraft:cod":1,"minecraft:cobblestone":95,"minecraft:dune_armor_trim_smithing_template":4,"minecraft:feather":1,"minecraft:cherry_planks":20,"minecraft:danger_pottery_sherd":1,"minecraft:lapis_lazuli":71,"minecraft:dirt":5,"minecraft:leather_boots":1,"minecraft:bone":10,"minecraft:bow":2,"minecraft:wheat_seeds":4,"minecraft:raw_gold":24,"minecraft:bamboo":12,"minecraft:moss_block":4,"minecraft:oak_planks":185,"duckling:duck_egg":10,"minecraft:axolotl_bucket":4,"minecraft:jungle_planks":26,"minecraft:sand":17,"minecraft:dark_oak_log":12,"minecraft:mossy_cobblestone":4,"minecraft:diamond":5,"minecraft:lever":1,"minecraft:writable_book":2,"minecraft:crossbow":1,"minecraft:granite":5,"minecraft:bone_meal":70,"minecraft:golden_apple":1,"minecraft:emerald":10,"minecraft:bread":156,"minecraft:oak_sapling":2,"minecraft:diamond_pickaxe":3,"minecraft:mud":5,"minecraft:crafting_table":12,"minecraft:ladder":2,"minecraft:clay_ball":48,"minecraft:brown_mushroom":68,"minecraft:wooden_pickaxe":5,"minecraft:gold_block":4,"minecraft:brick":3,"minecraft:shield":2,"minecraft:iron_axe":5,"minecraft:item_frame":3,"minecraft:cartography_table":1,"minecraft:candle":3,"minecraft:beef":6,"minecraft:oak_boat":2,"minecraft:lectern":106,"minecraft:chest":1,"minecraft:sugar_cane":39,"minecraft:spruce_trapdoor":7,"duckling:raw_duck":1,"minecraft:dark_oak_sapling":1,"minecraft:raw_iron":68,"minecraft:sandstone":6,"minecraft:glow_item_frame":1,"minecraft:bowl":1,"minecraft:stone_pressure_plate":1,"minecraft:dark_oak_planks":1,"minecraft:tnt":7,"minecraft:arrow":14,"minecraft:shears":1,"minecraft:hay_block":83,"minecraft:gold_ingot":27,"minecraft:glow_berries":95,"minecraft:mutton":7,"minecraft:white_wool":154,"minecraft:lime_bed":1,"minecraft:glow_ink_sac":1,"minecraft:tripwire_hook":5,"minecraft:salmon":6,"minecraft:leather":20,"minecraft:cut_sandstone":9,"minecraft:red_mushroom":86,"minecraft:oak_log":28,"minecraft:gunpowder":1,"minecraft:orange_terracotta":2,"minecraft:smooth_sandstone":53,"minecraft:iron_ingot":22,"minecraft:stone_pickaxe":5,"minecraft:flowering_azalea":1,"minecraft:iron_sword":3,"minecraft:book":21,"minecraft:spruce_sapling":16,"minecraft:spruce_log":33,"minecraft:green_carpet":1,"minecraft:slime_ball":12,"minecraft:stone_axe":5,"minecraft:iron_helmet":4,"minecraft:coal":158,"minecraft:hopper":2},"minecraft:dropped":{"minecraft:iron_sword":2,"minecraft:moss_block":3,"minecraft:crafting_table":1,"minecraft:dark_oak_sapling":1,"minecraft:glow_berries":2,"minecraft:jungle_planks":8,"minecraft:dirt":1,"minecraft:iron_pickaxe":1,"minecraft:dark_oak_planks":5,"minecraft:danger_pottery_sherd":1,"duckling:raw_duck":1,"minecraft:stone_axe":2,"minecraft:cobbled_deepslate":3,"minecraft:pointed_dripstone":1,"minecraft:beetroot":1,"minecraft:rotten_flesh":16,"minecraft:arrow":4,"minecraft:water_bucket":1,"minecraft:iron_ingot":20,"minecraft:bread":1,"minecraft:wheat_seeds":4,"minecraft:feather":1,"minecraft:iron_helmet":1,"minecraft:granite":5,"minecraft:stick":64,"minecraft:potion":1,"minecraft:green_carpet":1,"minecraft:flowering_azalea":1,"minecraft:iron_axe":2,"minecraft:string":5,"minecraft:stone_sword":1,"minecraft:bowl":2,"minecraft:clay_ball":32,"minecraft:shield":1,"minecraft:oak_sapling":1,"minecraft:wooden_pickaxe":1,"minecraft:brick":3},"minecraft:used":{"minecraft:moss_block":1,"minecraft:ladder":2,"minecraft:chest":12,"minecraft:shield":14,"minecraft:iron_sword":42,"minecraft:iron_chestplate":1,"minecraft:jungle_planks":5,"minecraft:axolotl_bucket":4,"minecraft:obsidian":1,"minecraft:iron_helmet":1,"minecraft:bow":4,"minecraft:furnace":6,"minecraft:stone_pickaxe":51,"minecraft:oak_planks":39,"minecraft:wooden_pickaxe":5,"minecraft:sandstone":6,"minecraft:glow_berries":102,"minecraft:sand":12,"minecraft:mushroom_stew":1,"minecraft:shears":25,"minecraft:lever":1,"minecraft:bread":39,"minecraft:string":56,"minecraft:lectern":104,"minecraft:diamond_sword":100,"minecraft:oak_boat":3,"minecraft:bone_meal":2,"minecraft:experience_bottle":6,"minecraft:stone_sword":100,"minecraft:spruce_planks":5,"minecraft:torch":21,"minecraft:dirt":4,"minecraft:hopper":2,"minecraft:salmon_bucket":1,"minecraft:iron_hoe":70,"minecraft:dark_oak_planks":17,"minecraft:bookshelf":5,"minecraft:iron_axe":233,"minecraft:smooth_sandstone":46,"minecraft:iron_boots":1,"minecraft:tripwire_hook":2,"minecraft:goat_horn":18,"duckling:duck_egg":9,"minecraft:cooked_beef":6,"minecraft:cobbled_deepslate":3,"minecraft:orange_terracotta":1,"minecraft:iron_leggings":1,"minecraft:cooked_mutton":6,"minecraft:water_bucket":10,"minecraft:cherry_planks":8,"minecraft:cut_sandstone":9,"minecraft:brown_mushroom":2,"minecraft:leather_boots":1,"minecraft:salmon":2,"minecraft:mossy_cobblestone":4,"minecraft:crafting_table":11,"minecraft:white_bed":1,"minecraft:cod":1,"minecraft:diamond_pickaxe":111,"minecraft:suspicious_stew":2,"minecraft:iron_pickaxe":92,"minecraft:spruce_trapdoor":7,"minecraft:spruce_sapling":8,"minecraft:stone_axe":43,"minecraft:cobblestone":22,"minecraft:cooked_porkchop":4,"minecraft:bucket":15},"minecraft:killed_by":{"creeperoverhaul:ocean_creeper":2},"minecraft:custom":{"minecraft:interact_with_crafting_table":33,"minecraft:open_barrel":10,"minecraft:leave_game":5,"minecraft:time_since_death":33099,"minecraft:sprint_one_cm":918562,"minecraft:damage_blocked_by_shield":340,"minecraft:drop":67,"minecraft:talked_to_villager":152,"minecraft:play_time":357954,"minecraft:deaths":5,"minecraft:jump":5987,"minecraft:interact_with_brewingstand":1,"minecraft:walk_on_water_one_cm":83014,"minecraft:interact_with_furnace":43,"minecraft:traded_with_villager":439,"minecraft:sleep_in_bed":5,"minecraft:damage_dealt":9905,"minecraft:player_kills":1,"minecraft:crouch_one_cm":25715,"minecraft:horse_one_cm":1048,"minecraft:mob_kills":57,"minecraft:inspect_hopper":2,"minecraft:climb_one_cm":5203,"minecraft:walk_one_cm":461199,"minecraft:sneak_time":10237,"minecraft:walk_under_water_one_cm":56175,"minecraft:boat_one_cm":447063,"minecraft:interact_with_lectern":7,"minecraft:total_world_time":357954,"minecraft:time_since_rest":9440,"minecraft:damage_taken":5009,"minecraft:trigger_trapped_chest":3,"minecraft:swim_one_cm":287718,"minecraft:fly_one_cm":988262,"minecraft:open_chest":171,"minecraft:fall_one_cm":165587},"minecraft:crafted":{"minecraft:oak_planks":112,"minecraft:lever":1,"minecraft:cooked_mutton":6,"minecraft:hopper":2,"minecraft:iron_boots":1,"minecraft:chest":13,"minecraft:emerald":439,"minecraft:cooked_porkchop":4,"minecraft:crafting_table":3,"minecraft:spruce_planks":108,"minecraft:wooden_pickaxe":1,"minecraft:iron_helmet":1,"minecraft:spruce_trapdoor":4,"minecraft:iron_chestplate":1,"minecraft:paper":36,"minecraft:shield":1,"minecraft:stick":48,"minecraft:iron_ingot":39,"minecraft:iron_pickaxe":1,"minecraft:stone_sword":1,"minecraft:gold_ingot":9,"minecraft:shears":1,"minecraft:cherry_planks":28,"minecraft:furnace":3,"minecraft:bone_meal":72,"minecraft:iron_hoe":1,"minecraft:stone_pickaxe":1,"minecraft:dark_oak_planks":24,"minecraft:wheat":576,"minecraft:cooked_beef":6,"minecraft:iron_sword":1,"minecraft:bucket":2,"minecraft:stone_axe":1,"minecraft:bread":192,"minecraft:air":0,"minecraft:oak_boat":1,"minecraft:white_wool":128,"minecraft:iron_leggings":1,"minecraft:white_bed":8,"minecraft:torch":44}},"DataVersion":3465}