{"stats":{"minecraft:mined":{"minecraft:flowering_azalea":1,"minecraft:mossy_cobblestone":4,"minecraft:deepslate_diamond_ore":5,"minecraft:cherry_log":5,"minecraft:soul_fire":1,"minecraft:dark_oak_log":6,"minecraft:clay":1,"minecraft:crafting_table":3,"minecraft:cave_vines_plant":1,"minecraft:granite":5,"minecraft:tall_grass":1,"minecraft:deepslate_gold_ore":3,"minecraft:moss_block":2,"minecraft:furnace":1,"minecraft:iron_ore":22,"minecraft:deepslate_lapis_ore":4,"minecraft:grass":6,"minecraft:deepslate_iron_ore":13,"minecraft:coal_ore":35,"minecraft:oak_log":22,"minecraft:bamboo":1,"minecraft:stone":23,"minecraft:small_dripleaf":1,"minecraft:deepslate":6,"minecraft:oak_leaves":3},"minecraft:picked_up":{"minecraft:crafting_table":5,"minecraft:cherry_planks":20,"minecraft:glow_ink_sac":1,"minecraft:leather":5,"minecraft:wooden_pickaxe":1,"minecraft:potion":1,"minecraft:oak_log":22,"minecraft:gunpowder":1,"minecraft:lapis_lazuli":23,"minecraft:string":5,"minecraft:bone":8,"minecraft:bow":2,"minecraft:wheat_seeds":3,"minecraft:cobbled_deepslate":6,"minecraft:raw_gold":3,"minecraft:beef":6,"minecraft:stone_pickaxe":2,"minecraft:bamboo":12,"minecraft:moss_block":3,"minecraft:oak_planks":64,"minecraft:furnace":1,"minecraft:raw_iron":35,"minecraft:dark_oak_sapling":1,"minecraft:stick":13,"minecraft:porkchop":2,"minecraft:jungle_planks":26,"minecraft:cherry_log":9,"minecraft:pointed_dripstone":1,"minecraft:dark_oak_log":12,"minecraft:mossy_cobblestone":4,"minecraft:stone_sword":1,"minecraft:arrow":5,"minecraft:diamond":5,"minecraft:rotten_flesh":13,"minecraft:slime_ball":3,"minecraft:stone_axe":4,"minecraft:granite":5,"minecraft:oak_sapling":2,"minecraft:glow_berries":11,"minecraft:mutton":2,"minecraft:coal":82,"minecraft:white_wool":3,"minecraft:cobblestone":81},"minecraft:dropped":{"minecraft:stone_axe":1,"minecraft:moss_block":2,"minecraft:wheat_seeds":3,"minecraft:cobbled_deepslate":3,"minecraft:dark_oak_sapling":1,"minecraft:pointed_dripstone":1,"minecraft:rotten_flesh":1,"minecraft:granite":5,"minecraft:oak_sapling":1,"minecraft:string":5},"minecraft:killed":{"minecraft:pig":1,"minecraft:spider":1,"creeperoverhaul:dripstone_creeper":1,"minecraft:sheep":1,"minecraft:skeleton":6,"minecraft:zombie":10,"minecraft:glow_squid":1,"minecraft:cow":4},"minecraft:custom":{"minecraft:interact_with_furnace":28,"minecraft:mob_kills":25,"minecraft:interact_with_crafting_table":11,"minecraft:open_barrel":2,"minecraft:time_since_death":31610,"minecraft:climb_one_cm":1145,"minecraft:time_since_rest":31637,"minecraft:sprint_one_cm":172026,"minecraft:damage_taken":1335,"minecraft:walk_one_cm":109122,"minecraft:drop":11,"minecraft:damage_dealt":4124,"minecraft:swim_one_cm":24619,"minecraft:fly_one_cm":156344,"minecraft:crouch_one_cm":5573,"minecraft:play_time":53548,"minecraft:deaths":1,"minecraft:sneak_time":2075,"minecraft:walk_under_water_one_cm":8836,"minecraft:jump":1825,"minecraft:walk_on_water_one_cm":16931,"minecraft:total_world_time":53548,"minecraft:fall_one_cm":27320},"minecraft:crafted":{"minecraft:cooked_beef":6,"minecraft:cherry_planks":20,"minecraft:oak_planks":88,"minecraft:cooked_porkchop":4,"minecraft:crafting_table":1,"minecraft:wooden_pickaxe":1,"minecraft:furnace":3,"minecraft:stone_axe":1,"minecraft:cooked_mutton":2,"minecraft:air":0,"minecraft:stick":48,"minecraft:iron_ingot":3,"minecraft:iron_pickaxe":1,"minecraft:stone_pickaxe":1,"minecraft:stone_sword":1,"minecraft:dark_oak_planks":24,"minecraft:torch":24},"minecraft:used":{"minecraft:moss_block":1,"minecraft:cooked_mutton":2,"minecraft:stone_sword":94,"minecraft:stone_pickaxe":51,"minecraft:oak_planks":23,"minecraft:wooden_pickaxe":5,"minecraft:torch":12,"minecraft:glow_berries":9,"minecraft:mossy_cobblestone":4,"minecraft:crafting_table":5,"minecraft:iron_pickaxe":69,"minecraft:stone_axe":41,"minecraft:bow":4,"minecraft:furnace":4,"minecraft:cooked_porkchop":4,"minecraft:cooked_beef":6,"minecraft:cobbled_deepslate":3}},"DataVersion":3465}