{"stats":{"minecraft:killed":{"minecraft:spider":1,"creeperoverhaul:dripstone_creeper":1,"minecraft:skeleton":6,"minecraft:pig":1,"minecraft:zombie_villager":1,"minecraft:salmon":2,"minecraft:creeper":1,"minecraft:sheep":4,"minecraft:zombie":17,"minecraft:glow_squid":1,"minecraft:cow":4},"minecraft:mined":{"minecraft:dark_oak_planks":1,"minecraft:mossy_cobblestone":4,"minecraft:deepslate_diamond_ore":5,"minecraft:cherry_log":5,"minecraft:dark_oak_log":6,"minecraft:obsidian":1,"minecraft:cave_vines_plant":1,"minecraft:granite":5,"minecraft:decorated_pot":1,"minecraft:moss_block":3,"minecraft:furnace":4,"minecraft:iron_ore":26,"minecraft:deepslate_lapis_ore":4,"minecraft:flowering_azalea_leaves":2,"minecraft:cave_vines":2,"minecraft:deepslate_iron_ore":13,"minecraft:azalea_leaves":6,"minecraft:bamboo":1,"minecraft:azalea":3,"minecraft:stone":28,"minecraft:flowering_azalea":1,"minecraft:soul_fire":2,"minecraft:crafting_table":6,"minecraft:clay":1,"minecraft:emerald_ore":2,"minecraft:tall_grass":5,"minecraft:deepslate_gold_ore":4,"minecraft:mud":5,"minecraft:birch_leaves":1,"minecraft:mangrove_leaves":2,"minecraft:grass":7,"minecraft:oak_log":22,"minecraft:coal_ore":50,"minecraft:small_dripleaf":1,"minecraft:gold_ore":4,"minecraft:oak_leaves":3,"minecraft:deepslate":6},"minecraft:picked_up":{"minecraft:mud":5,"minecraft:crafting_table":8,"minecraft:wooden_pickaxe":2,"minecraft:potion":1,"minecraft:brick":3,"minecraft:string":5,"minecraft:cobbled_deepslate":6,"minecraft:beef":6,"minecraft:furnace":4,"minecraft:dark_oak_sapling":1,"minecraft:stick":13,"minecraft:raw_iron":59,"minecraft:porkchop":2,"minecraft:cherry_log":9,"minecraft:pointed_dripstone":1,"minecraft:dark_oak_planks":1,"minecraft:stone_sword":1,"minecraft:arrow":5,"minecraft:rotten_flesh":15,"minecraft:mutton":7,"minecraft:glow_berries":44,"minecraft:obsidian":1,"minecraft:white_wool":6,"minecraft:cobblestone":86,"minecraft:cherry_planks":20,"minecraft:glow_ink_sac":1,"minecraft:salmon":2,"minecraft:leather":5,"minecraft:oak_log":22,"minecraft:danger_pottery_sherd":1,"minecraft:gunpowder":1,"minecraft:lapis_lazuli":23,"minecraft:bone":8,"minecraft:bow":2,"minecraft:wheat_seeds":4,"minecraft:raw_gold":8,"minecraft:stone_pickaxe":2,"minecraft:bamboo":12,"minecraft:moss_block":4,"minecraft:oak_planks":64,"minecraft:flowering_azalea":1,"minecraft:jungle_planks":26,"minecraft:dark_oak_log":12,"minecraft:mossy_cobblestone":4,"minecraft:slime_ball":3,"minecraft:diamond":5,"minecraft:stone_axe":4,"minecraft:granite":5,"minecraft:emerald":2,"minecraft:oak_sapling":2,"minecraft:coal":130},"minecraft:dropped":{"minecraft:water_bucket":1,"minecraft:iron_ingot":20,"minecraft:iron_sword":1,"minecraft:moss_block":3,"minecraft:wheat_seeds":4,"minecraft:crafting_table":1,"minecraft:dark_oak_sapling":1,"minecraft:granite":5,"minecraft:jungle_planks":8,"minecraft:stick":64,"minecraft:flowering_azalea":1,"minecraft:iron_axe":1,"minecraft:iron_pickaxe":1,"minecraft:string":5,"minecraft:dark_oak_planks":5,"minecraft:danger_pottery_sherd":1,"minecraft:stone_axe":1,"minecraft:stone_sword":1,"minecraft:cobbled_deepslate":3,"minecraft:pointed_dripstone":1,"minecraft:rotten_flesh":1,"minecraft:shield":1,"minecraft:oak_sapling":1,"minecraft:wooden_pickaxe":1,"minecraft:brick":3},"minecraft:used":{"minecraft:moss_block":1,"minecraft:stone_sword":100,"minecraft:shield":14,"minecraft:iron_sword":15,"minecraft:iron_chestplate":1,"minecraft:torch":17,"minecraft:jungle_planks":5,"minecraft:salmon_bucket":1,"minecraft:axolotl_bucket":3,"minecraft:obsidian":1,"minecraft:dark_oak_planks":17,"minecraft:iron_axe":2,"minecraft:iron_helmet":1,"minecraft:iron_boots":1,"minecraft:bow":4,"minecraft:furnace":6,"minecraft:cooked_beef":6,"minecraft:cobbled_deepslate":3,"minecraft:iron_leggings":1,"minecraft:cooked_mutton":4,"minecraft:water_bucket":4,"minecraft:stone_pickaxe":51,"minecraft:oak_planks":23,"minecraft:wooden_pickaxe":5,"minecraft:glow_berries":88,"minecraft:mossy_cobblestone":4,"minecraft:crafting_table":7,"minecraft:diamond_pickaxe":20,"minecraft:iron_pickaxe":92,"minecraft:stone_axe":43,"minecraft:diamond_sword":34,"minecraft:cobblestone":15,"minecraft:cooked_porkchop":4,"minecraft:bucket":8,"minecraft:oak_boat":1},"minecraft:custom":{"minecraft:mob_kills":39,"minecraft:interact_with_crafting_table":16,"minecraft:open_barrel":2,"minecraft:leave_game":3,"minecraft:time_since_death":82216,"minecraft:climb_one_cm":2169,"minecraft:sprint_one_cm":321696,"minecraft:walk_one_cm":178892,"minecraft:damage_blocked_by_shield":340,"minecraft:drop":32,"minecraft:play_time":104154,"minecraft:deaths":1,"minecraft:sneak_time":3604,"minecraft:walk_under_water_one_cm":33291,"minecraft:boat_one_cm":3260,"minecraft:jump":2868,"minecraft:walk_on_water_one_cm":48814,"minecraft:total_world_time":104154,"minecraft:interact_with_furnace":43,"minecraft:time_since_rest":82243,"minecraft:damage_taken":2159,"minecraft:damage_dealt":6391,"minecraft:swim_one_cm":127817,"minecraft:fly_one_cm":322766,"minecraft:open_chest":2,"minecraft:crouch_one_cm":10602,"minecraft:fall_one_cm":60848},"minecraft:crafted":{"minecraft:cherry_planks":20,"minecraft:oak_planks":88,"minecraft:furnace":3,"minecraft:cooked_mutton":6,"minecraft:iron_boots":1,"minecraft:stone_pickaxe":1,"minecraft:dark_oak_planks":24,"minecraft:cooked_beef":6,"minecraft:cooked_porkchop":4,"minecraft:crafting_table":1,"minecraft:wooden_pickaxe":1,"minecraft:iron_helmet":1,"minecraft:iron_sword":1,"minecraft:stone_axe":1,"minecraft:air":0,"minecraft:oak_boat":1,"minecraft:iron_chestplate":1,"minecraft:shield":1,"minecraft:stick":48,"minecraft:iron_ingot":39,"minecraft:iron_pickaxe":1,"minecraft:stone_sword":1,"minecraft:iron_leggings":1,"minecraft:torch":44}},"DataVersion":3465}