{"stats":{"minecraft:mined":{"minecraft:cherry_log":5,"minecraft:dark_oak_log":6,"minecraft:crafting_table":1,"minecraft:grass":3,"minecraft:oak_log":22,"minecraft:coal_ore":23,"minecraft:stone":20,"minecraft:moss_block":1,"minecraft:oak_leaves":3},"minecraft:picked_up":{"minecraft:stick":6,"minecraft:crafting_table":2,"minecraft:jungle_planks":13,"minecraft:porkchop":2,"minecraft:oak_log":22,"minecraft:cherry_log":7,"minecraft:dark_oak_log":6,"minecraft:bone":2,"minecraft:arrow":2,"minecraft:stone_axe":2,"minecraft:wheat_seeds":1,"minecraft:stone_pickaxe":1,"minecraft:oak_sapling":1,"minecraft:moss_block":1,"minecraft:coal":39,"minecraft:white_wool":1,"minecraft:cobblestone":47},"minecraft:dropped":{"minecraft:stone_axe":1,"minecraft:wheat_seeds":1},"minecraft:killed":{"minecraft:skeleton":1,"minecraft:zombie":1,"minecraft:pig":1},"minecraft:crafted":{"minecraft:cherry_planks":20,"minecraft:oak_planks":88,"minecraft:cooked_porkchop":3,"minecraft:crafting_table":1,"minecraft:stick":8,"minecraft:wooden_pickaxe":1,"minecraft:stone_pickaxe":1,"minecraft:stone_sword":1,"minecraft:furnace":1,"minecraft:stone_axe":1,"minecraft:air":0},"minecraft:custom":{"minecraft:time_since_rest":17548,"minecraft:interact_with_furnace":7,"minecraft:sprint_one_cm":53174,"minecraft:damage_taken":80,"minecraft:walk_one_cm":38138,"minecraft:mob_kills":3,"minecraft:drop":2,"minecraft:damage_dealt":382,"minecraft:interact_with_crafting_table":6,"minecraft:fly_one_cm":39203,"minecraft:open_barrel":2,"minecraft:crouch_one_cm":1021,"minecraft:play_time":17548,"minecraft:sneak_time":624,"minecraft:jump":708,"minecraft:time_since_death":17548,"minecraft:climb_one_cm":84,"minecraft:total_world_time":17548,"minecraft:fall_one_cm":5067},"minecraft:used":{"minecraft:moss_block":1,"minecraft:stone_pickaxe":39,"minecraft:wooden_pickaxe":5,"minecraft:stone_axe":38,"minecraft:crafting_table":2,"minecraft:furnace":1,"minecraft:cooked_porkchop":2}},"DataVersion":3465}