{"stats":{"minecraft:mined":{"minecraft:mossy_cobblestone":4,"minecraft:cherry_log":5,"minecraft:dark_oak_log":6,"minecraft:crafting_table":2,"minecraft:moss_block":1,"minecraft:furnace":1,"minecraft:grass":4,"minecraft:coal_ore":23,"minecraft:oak_log":22,"minecraft:bamboo":1,"minecraft:stone":20,"minecraft:oak_leaves":3},"minecraft:picked_up":{"minecraft:crafting_table":4,"minecraft:cherry_planks":20,"minecraft:leather":5,"minecraft:wooden_pickaxe":1,"minecraft:potion":1,"minecraft:oak_log":22,"minecraft:string":5,"minecraft:bone":6,"minecraft:bow":2,"minecraft:wheat_seeds":1,"minecraft:beef":6,"minecraft:stone_pickaxe":2,"minecraft:bamboo":12,"minecraft:moss_block":1,"minecraft:oak_planks":64,"minecraft:furnace":1,"minecraft:dark_oak_sapling":1,"minecraft:stick":13,"minecraft:porkchop":2,"minecraft:jungle_planks":26,"minecraft:cherry_log":9,"minecraft:dark_oak_log":12,"minecraft:mossy_cobblestone":4,"minecraft:stone_sword":1,"minecraft:arrow":4,"minecraft:rotten_flesh":9,"minecraft:slime_ball":3,"minecraft:stone_axe":4,"minecraft:oak_sapling":2,"minecraft:mutton":2,"minecraft:coal":69,"minecraft:white_wool":3,"minecraft:cobblestone":78},"minecraft:dropped":{"minecraft:stone_axe":1,"minecraft:wheat_seeds":1,"minecraft:dark_oak_sapling":1,"minecraft:rotten_flesh":1},"minecraft:killed":{"minecraft:pig":1,"minecraft:spider":1,"minecraft:sheep":1,"minecraft:skeleton":3,"minecraft:zombie":6,"minecraft:cow":4},"minecraft:custom":{"minecraft:interact_with_furnace":17,"minecraft:mob_kills":16,"minecraft:interact_with_crafting_table":7,"minecraft:open_barrel":2,"minecraft:time_since_death":7610,"minecraft:climb_one_cm":646,"minecraft:time_since_rest":7637,"minecraft:sprint_one_cm":107020,"minecraft:damage_taken":615,"minecraft:walk_one_cm":66689,"minecraft:drop":4,"minecraft:damage_dealt":2211,"minecraft:swim_one_cm":6724,"minecraft:fly_one_cm":99403,"minecraft:crouch_one_cm":1251,"minecraft:play_time":29548,"minecraft:deaths":1,"minecraft:sneak_time":714,"minecraft:walk_under_water_one_cm":89,"minecraft:jump":1364,"minecraft:walk_on_water_one_cm":1390,"minecraft:total_world_time":29548,"minecraft:fall_one_cm":17783},"minecraft:crafted":{"minecraft:cooked_beef":6,"minecraft:cherry_planks":20,"minecraft:oak_planks":88,"minecraft:cooked_porkchop":4,"minecraft:crafting_table":1,"minecraft:wooden_pickaxe":1,"minecraft:furnace":2,"minecraft:stone_axe":1,"minecraft:cooked_mutton":2,"minecraft:air":0,"minecraft:stick":8,"minecraft:stone_pickaxe":1,"minecraft:stone_sword":1},"minecraft:used":{"minecraft:moss_block":1,"minecraft:stone_sword":45,"minecraft:stone_pickaxe":45,"minecraft:wooden_pickaxe":5,"minecraft:crafting_table":3,"minecraft:stone_axe":40,"minecraft:bow":4,"minecraft:furnace":2,"minecraft:cooked_porkchop":4,"minecraft:cooked_beef":2}},"DataVersion":3465}