{"stats":{"minecraft:mined":{"minecraft:mossy_cobblestone":4,"minecraft:deepslate_diamond_ore":5,"minecraft:cherry_log":5,"minecraft:soul_fire":1,"minecraft:dark_oak_log":6,"minecraft:crafting_table":3,"minecraft:granite":5,"minecraft:deepslate_gold_ore":3,"minecraft:moss_block":1,"minecraft:furnace":1,"minecraft:iron_ore":8,"minecraft:grass":4,"minecraft:deepslate_iron_ore":6,"minecraft:coal_ore":23,"minecraft:oak_log":22,"minecraft:bamboo":1,"minecraft:stone":21,"minecraft:deepslate":6,"minecraft:oak_leaves":3},"minecraft:picked_up":{"minecraft:crafting_table":5,"minecraft:cherry_planks":20,"minecraft:glow_ink_sac":1,"minecraft:leather":5,"minecraft:wooden_pickaxe":1,"minecraft:potion":1,"minecraft:oak_log":22,"minecraft:gunpowder":1,"minecraft:string":5,"minecraft:bone":6,"minecraft:bow":2,"minecraft:wheat_seeds":1,"minecraft:cobbled_deepslate":6,"minecraft:raw_gold":3,"minecraft:beef":6,"minecraft:stone_pickaxe":2,"minecraft:bamboo":12,"minecraft:moss_block":1,"minecraft:oak_planks":64,"minecraft:furnace":1,"minecraft:raw_iron":14,"minecraft:dark_oak_sapling":1,"minecraft:stick":13,"minecraft:porkchop":2,"minecraft:jungle_planks":26,"minecraft:cherry_log":9,"minecraft:pointed_dripstone":1,"minecraft:dark_oak_log":12,"minecraft:mossy_cobblestone":4,"minecraft:stone_sword":1,"minecraft:arrow":4,"minecraft:diamond":5,"minecraft:rotten_flesh":13,"minecraft:slime_ball":3,"minecraft:stone_axe":4,"minecraft:granite":5,"minecraft:oak_sapling":2,"minecraft:glow_berries":1,"minecraft:mutton":2,"minecraft:coal":69,"minecraft:white_wool":3,"minecraft:cobblestone":79},"minecraft:dropped":{"minecraft:stone_axe":1,"minecraft:wheat_seeds":1,"minecraft:dark_oak_sapling":1,"minecraft:rotten_flesh":1},"minecraft:killed":{"minecraft:pig":1,"minecraft:spider":1,"creeperoverhaul:dripstone_creeper":1,"minecraft:sheep":1,"minecraft:skeleton":3,"minecraft:zombie":10,"minecraft:glow_squid":1,"minecraft:cow":4},"minecraft:custom":{"minecraft:interact_with_furnace":26,"minecraft:mob_kills":22,"minecraft:interact_with_crafting_table":10,"minecraft:open_barrel":2,"minecraft:time_since_death":19610,"minecraft:climb_one_cm":957,"minecraft:time_since_rest":19637,"minecraft:sprint_one_cm":133666,"minecraft:damage_taken":1015,"minecraft:walk_one_cm":91877,"minecraft:drop":4,"minecraft:damage_dealt":3383,"minecraft:swim_one_cm":22661,"minecraft:fly_one_cm":125957,"minecraft:crouch_one_cm":4550,"minecraft:play_time":41548,"minecraft:deaths":1,"minecraft:sneak_time":1744,"minecraft:walk_under_water_one_cm":3988,"minecraft:jump":1614,"minecraft:walk_on_water_one_cm":7647,"minecraft:total_world_time":41548,"minecraft:fall_one_cm":23610},"minecraft:crafted":{"minecraft:cooked_beef":6,"minecraft:cherry_planks":20,"minecraft:oak_planks":88,"minecraft:cooked_porkchop":4,"minecraft:crafting_table":1,"minecraft:wooden_pickaxe":1,"minecraft:furnace":2,"minecraft:stone_axe":1,"minecraft:cooked_mutton":2,"minecraft:air":0,"minecraft:stick":48,"minecraft:iron_ingot":3,"minecraft:iron_pickaxe":1,"minecraft:stone_pickaxe":1,"minecraft:stone_sword":1,"minecraft:dark_oak_planks":24,"minecraft:torch":24},"minecraft:used":{"minecraft:moss_block":1,"minecraft:cooked_mutton":1,"minecraft:stone_sword":73,"minecraft:stone_pickaxe":51,"minecraft:oak_planks":20,"minecraft:wooden_pickaxe":5,"minecraft:torch":3,"minecraft:mossy_cobblestone":4,"minecraft:crafting_table":4,"minecraft:iron_pickaxe":29,"minecraft:stone_axe":41,"minecraft:bow":4,"minecraft:furnace":3,"minecraft:cooked_porkchop":4,"minecraft:cooked_beef":5,"minecraft:cobbled_deepslate":3}},"DataVersion":3465}