{"stats":{"minecraft:killed":{"minecraft:spider":2,"creeperoverhaul:dripstone_creeper":1,"endermanoverhaul:scarab":3,"minecraft:skeleton":6,"endermanoverhaul:desert_enderman":1,"friendsandfoes:mauler":2,"minecraft:drowned":2,"minecraft:husk":2,"minecraft:pig":1,"minecraft:zombie_villager":1,"minecraft:salmon":2,"minecraft:creeper":1,"minecraft:sheep":4,"minecraft:pillager":1,"creeperoverhaul:ocean_creeper":2,"minecraft:zombie":19,"minecraft:glow_squid":1,"minecraft:cow":4},"minecraft:mined":{"minecraft:dark_oak_planks":1,"minecraft:stone_pressure_plate":1,"minecraft:mossy_cobblestone":4,"minecraft:deepslate_diamond_ore":5,"minecraft:cherry_log":5,"minecraft:dark_oak_log":6,"minecraft:obsidian":1,"minecraft:ladder":1,"minecraft:cave_vines_plant":1,"minecraft:granite":5,"minecraft:decorated_pot":1,"minecraft:spruce_leaves":8,"minecraft:cartography_table":1,"minecraft:red_mushroom":44,"minecraft:moss_block":3,"minecraft:sandstone":3,"minecraft:hay_block":70,"minecraft:tall_seagrass":2,"minecraft:furnace":4,"minecraft:iron_ore":26,"minecraft:deepslate_lapis_ore":4,"minecraft:gold_block":1,"minecraft:bookshelf":6,"minecraft:flowering_azalea_leaves":2,"minecraft:cave_vines":2,"minecraft:deepslate_iron_ore":13,"minecraft:azalea_leaves":6,"minecraft:bamboo":1,"minecraft:azalea":3,"minecraft:stone":28,"minecraft:tripwire":3,"minecraft:cut_sandstone":7,"minecraft:flowering_azalea":1,"minecraft:brown_mushroom":37,"minecraft:kelp_plant":1,"minecraft:soul_fire":2,"minecraft:orange_terracotta":1,"minecraft:smooth_sandstone":34,"minecraft:crafting_table":6,"minecraft:clay":1,"minecraft:emerald_ore":2,"minecraft:lectern":105,"minecraft:cobblestone":4,"minecraft:tall_grass":5,"minecraft:deepslate_gold_ore":4,"minecraft:sugar_cane":6,"minecraft:oak_planks":12,"minecraft:mud":5,"minecraft:spruce_log":22,"minecraft:birch_leaves":1,"minecraft:tnt":4,"minecraft:mangrove_leaves":2,"minecraft:grass":7,"minecraft:oak_log":28,"minecraft:coal_ore":50,"minecraft:mycelium":1,"minecraft:sand":12,"minecraft:small_dripleaf":1,"minecraft:gold_ore":4,"minecraft:oak_leaves":3,"minecraft:deepslate":6},"minecraft:picked_up":{"minecraft:mud":5,"minecraft:iron_chestplate":2,"minecraft:crafting_table":11,"minecraft:ladder":2,"minecraft:suspicious_stew":1,"minecraft:clay_ball":48,"minecraft:brown_mushroom":68,"minecraft:diamond_sword":2,"minecraft:wooden_pickaxe":5,"minecraft:gold_block":4,"minecraft:potion":3,"minecraft:shield":2,"minecraft:brick":3,"minecraft:string":10,"minecraft:iron_axe":3,"minecraft:iron_leggings":2,"minecraft:cartography_table":1,"minecraft:cobbled_deepslate":6,"minecraft:beef":6,"minecraft:oak_boat":2,"minecraft:iron_pickaxe":3,"minecraft:lectern":105,"minecraft:sugar_cane":39,"minecraft:sandstone":3,"minecraft:furnace":6,"minecraft:dark_oak_sapling":1,"minecraft:stick":112,"minecraft:raw_iron":65,"minecraft:torch":40,"minecraft:bowl":1,"minecraft:porkchop":2,"minecraft:cherry_log":11,"minecraft:pointed_dripstone":1,"minecraft:stone_pressure_plate":1,"minecraft:dark_oak_planks":1,"minecraft:tnt":7,"minecraft:stone_sword":1,"minecraft:arrow":13,"minecraft:rotten_flesh":58,"minecraft:hay_block":64,"minecraft:gold_ingot":27,"minecraft:mutton":7,"minecraft:glow_berries":95,"minecraft:obsidian":7,"minecraft:cod":1,"minecraft:white_wool":21,"minecraft:cobblestone":90,"minecraft:cherry_planks":20,"minecraft:glow_ink_sac":1,"minecraft:salmon":6,"minecraft:cut_sandstone":7,"minecraft:leather":20,"minecraft:red_mushroom":86,"minecraft:oak_log":28,"minecraft:danger_pottery_sherd":1,"minecraft:gunpowder":1,"minecraft:lapis_lazuli":71,"minecraft:dirt":1,"minecraft:orange_terracotta":1,"minecraft:smooth_sandstone":34,"minecraft:bone":8,"minecraft:bow":2,"minecraft:wheat_seeds":4,"minecraft:raw_gold":24,"minecraft:iron_ingot":22,"minecraft:stone_pickaxe":5,"minecraft:bamboo":12,"minecraft:moss_block":4,"minecraft:iron_sword":2,"minecraft:oak_planks":185,"minecraft:flowering_azalea":1,"minecraft:book":18,"minecraft:axolotl_bucket":3,"minecraft:sand":12,"minecraft:jungle_planks":26,"minecraft:spruce_sapling":3,"minecraft:spruce_log":21,"minecraft:green_carpet":1,"minecraft:dark_oak_log":12,"minecraft:mossy_cobblestone":4,"minecraft:slime_ball":12,"minecraft:diamond":5,"minecraft:stone_axe":5,"minecraft:iron_helmet":2,"minecraft:granite":5,"minecraft:emerald":10,"minecraft:oak_sapling":2,"minecraft:coal":158,"minecraft:diamond_pickaxe":2},"minecraft:dropped":{"minecraft:water_bucket":1,"minecraft:iron_ingot":20,"minecraft:iron_sword":1,"minecraft:moss_block":3,"minecraft:wheat_seeds":4,"minecraft:crafting_table":1,"minecraft:dark_oak_sapling":1,"minecraft:glow_berries":2,"minecraft:granite":5,"minecraft:jungle_planks":8,"minecraft:stick":64,"minecraft:dirt":1,"minecraft:green_carpet":1,"minecraft:flowering_azalea":1,"minecraft:iron_axe":1,"minecraft:iron_pickaxe":1,"minecraft:string":5,"minecraft:dark_oak_planks":5,"minecraft:danger_pottery_sherd":1,"minecraft:stone_axe":2,"minecraft:stone_sword":1,"minecraft:cobbled_deepslate":3,"minecraft:bowl":2,"minecraft:pointed_dripstone":1,"minecraft:rotten_flesh":16,"minecraft:clay_ball":32,"minecraft:shield":1,"minecraft:oak_sapling":1,"minecraft:arrow":4,"minecraft:wooden_pickaxe":1,"minecraft:brick":3,"minecraft:bread":1},"minecraft:used":{"minecraft:moss_block":1,"minecraft:stone_sword":100,"minecraft:ladder":2,"minecraft:chest":2,"minecraft:shield":14,"minecraft:iron_sword":42,"minecraft:iron_chestplate":1,"minecraft:torch":19,"minecraft:jungle_planks":5,"minecraft:salmon_bucket":1,"minecraft:axolotl_bucket":3,"minecraft:obsidian":1,"minecraft:iron_hoe":70,"minecraft:dark_oak_planks":17,"minecraft:iron_axe":162,"minecraft:smooth_sandstone":23,"minecraft:iron_helmet":1,"minecraft:iron_boots":1,"minecraft:tripwire_hook":2,"minecraft:bow":4,"minecraft:goat_horn":10,"minecraft:furnace":6,"minecraft:cooked_beef":6,"minecraft:cobbled_deepslate":3,"minecraft:iron_leggings":1,"minecraft:cooked_mutton":6,"minecraft:water_bucket":4,"minecraft:stone_pickaxe":51,"minecraft:oak_planks":39,"minecraft:cut_sandstone":7,"minecraft:wooden_pickaxe":5,"minecraft:cherry_planks":8,"minecraft:brown_mushroom":2,"minecraft:leather_boots":1,"minecraft:salmon":2,"minecraft:glow_berries":102,"minecraft:mossy_cobblestone":4,"minecraft:sand":12,"minecraft:crafting_table":9,"minecraft:mushroom_stew":1,"minecraft:cod":1,"minecraft:diamond_pickaxe":74,"minecraft:string":2,"minecraft:bread":20,"minecraft:suspicious_stew":2,"minecraft:iron_pickaxe":92,"minecraft:lectern":104,"minecraft:stone_axe":43,"minecraft:diamond_sword":90,"minecraft:cobblestone":18,"minecraft:cooked_porkchop":4,"minecraft:bucket":8,"minecraft:oak_boat":3},"minecraft:killed_by":{"creeperoverhaul:ocean_creeper":2},"minecraft:custom":{"minecraft:mob_kills":55,"minecraft:interact_with_crafting_table":22,"minecraft:open_barrel":3,"minecraft:leave_game":3,"minecraft:time_since_death":88086,"minecraft:climb_one_cm":2577,"minecraft:sprint_one_cm":634188,"minecraft:walk_one_cm":371507,"minecraft:damage_blocked_by_shield":340,"minecraft:drop":60,"minecraft:talked_to_villager":125,"minecraft:play_time":218154,"minecraft:deaths":4,"minecraft:sneak_time":6162,"minecraft:walk_under_water_one_cm":53848,"minecraft:boat_one_cm":447063,"minecraft:interact_with_lectern":7,"minecraft:jump":4649,"minecraft:walk_on_water_one_cm":60201,"minecraft:total_world_time":218154,"minecraft:interact_with_furnace":43,"minecraft:traded_with_villager":1,"minecraft:sleep_in_bed":3,"minecraft:time_since_rest":5921,"minecraft:damage_taken":4058,"minecraft:trigger_trapped_chest":3,"minecraft:damage_dealt":9405,"minecraft:swim_one_cm":285589,"minecraft:fly_one_cm":680184,"minecraft:open_chest":40,"minecraft:crouch_one_cm":15354,"minecraft:fall_one_cm":115601,"minecraft:horse_one_cm":1048},"minecraft:crafted":{"minecraft:cherry_planks":28,"minecraft:oak_planks":88,"minecraft:furnace":3,"minecraft:cooked_mutton":6,"minecraft:iron_boots":1,"minecraft:iron_hoe":1,"minecraft:stone_pickaxe":1,"minecraft:chest":2,"minecraft:dark_oak_planks":24,"minecraft:wheat":576,"minecraft:cooked_beef":6,"minecraft:emerald":1,"minecraft:cooked_porkchop":4,"minecraft:spruce_planks":84,"minecraft:crafting_table":2,"minecraft:wooden_pickaxe":1,"minecraft:iron_helmet":1,"minecraft:iron_sword":1,"minecraft:bucket":2,"minecraft:stone_axe":1,"minecraft:bread":192,"minecraft:air":0,"minecraft:oak_boat":1,"minecraft:iron_chestplate":1,"minecraft:paper":36,"minecraft:shield":1,"minecraft:stick":48,"minecraft:iron_ingot":39,"minecraft:iron_pickaxe":1,"minecraft:stone_sword":1,"minecraft:gold_ingot":9,"minecraft:iron_leggings":1,"minecraft:torch":44}},"DataVersion":3465}