{"stats":{"minecraft:custom":{"minecraft:jump":86,"minecraft:time_since_rest":3398,"minecraft:deaths":2,"minecraft:crouch_one_cm":37,"minecraft:leave_game":5,"minecraft:play_time":22788,"minecraft:sprint_one_cm":19463,"minecraft:damage_taken":450,"minecraft:time_since_death":0,"minecraft:walk_one_cm":4686,"minecraft:sneak_time":46,"minecraft:total_world_time":22788,"minecraft:fall_one_cm":2090,"minecraft:fly_one_cm":24949},"minecraft:killed_by":{"minecraft:zombie":1,"minecraft:drowned":1}},"DataVersion":3465}