{"stats":{"minecraft:custom":{"minecraft:jump":187,"minecraft:time_since_rest":7510,"minecraft:walk_on_water_one_cm":84,"minecraft:leave_game":6,"minecraft:play_time":7510,"minecraft:sprint_one_cm":23028,"minecraft:damage_taken":70,"minecraft:time_since_death":7510,"minecraft:walk_one_cm":3581,"minecraft:sneak_time":9,"minecraft:total_world_time":7510,"minecraft:walk_under_water_one_cm":309,"minecraft:swim_one_cm":1558,"minecraft:fall_one_cm":4491,"minecraft:fly_one_cm":119833},"minecraft:used":{"minecraft:red_sand":1},"minecraft:picked_up":{"minecraft:red_sand":1},"minecraft:mined":{"minecraft:red_sand":1}},"DataVersion":3465}