{"stats":{"minecraft:custom":{"minecraft:time_since_rest":4479,"minecraft:sprint_one_cm":56474,"minecraft:damage_taken":10,"minecraft:walk_one_cm":57178,"minecraft:mob_kills":4,"minecraft:drop":8,"minecraft:damage_dealt":640,"minecraft:traded_with_villager":116,"minecraft:talked_to_villager":91,"minecraft:fly_one_cm":533808,"minecraft:open_barrel":1,"minecraft:open_chest":53,"minecraft:crouch_one_cm":5598,"minecraft:play_time":60528,"minecraft:deaths":2,"minecraft:sneak_time":2793,"minecraft:walk_under_water_one_cm":1332,"minecraft:jump":184,"minecraft:leave_game":1,"minecraft:walk_on_water_one_cm":959,"minecraft:time_since_death":4451,"minecraft:total_world_time":60528,"minecraft:fall_one_cm":544},"minecraft:mined":{"minecraft:birch_leaves":3,"minecraft:tripwire":1},"minecraft:crafted":{"minecraft:emerald":115,"minecraft:enchanted_book":1,"minecraft:air":0},"minecraft:picked_up":{"minecraft:string":5,"minecraft:bone":2,"minecraft:arrow":2,"minecraft:rotten_flesh":2,"minecraft:lever":1},"minecraft:killed":{"friendsandfoes:mauler":1,"duckling:duck":1,"duckling:quackling":1,"minecraft:villager":1},"minecraft:dropped":{"minecraft:dark_oak_sign":1,"minecraft:rotten_flesh":2,"minecraft:arrow":2,"minecraft:grass_block":2,"another_furniture:acacia_chair":1},"minecraft:used":{"minecraft:oak_trapdoor":6,"minecraft:oak_fence":70,"minecraft:lever":3,"minecraft:water_bucket":2,"another_furniture:acacia_chair":1,"friendsandfoes:mauler_spawn_egg":3,"minecraft:villager_spawn_egg":2,"minecraft:carved_pumpkin":5,"minecraft:iron_block":19,"minecraft:grass_block":9,"minecraft:dark_oak_sign":2,"minecraft:string":14,"minecraft:oak_planks":54,"duckling:duck_spawn_egg":4,"minecraft:lectern":76,"minecraft:chest":18,"duckling:quackling_spawn_egg":2,"minecraft:spruce_trapdoor":4,"minecraft:cat_spawn_egg":1,"minecraft:barrel":2,"minecraft:tripwire_hook":2,"minecraft:mooshroom_spawn_egg":2,"minecraft:golden_sword":4,"minecraft:diamond_sword":3,"maced:mace":1,"minecraft:hopper":4,"minecraft:goat_horn":5,"minecraft:camel_spawn_egg":2,"minecraft:shears":5,"minecraft:oak_fence_gate":8}},"DataVersion":3465}