{"stats":{"minecraft:used":{"creeperoverhaul:dark_oak_creeper_spawn_egg":1,"minecraft:red_sand":1,"minecraft:strider_spawn_egg":1,"minecraft:spruce_wood":1,"minecraft:cactus":78,"plushies:sheep_plushie":1,"minecraft:husk_spawn_egg":1,"plushies:snow_golem_plushie":1},"minecraft:picked_up":{"minecraft:red_sand":1},"minecraft:dropped":{"minecraft:cactus":1,"plushies:snow_golem_plushie":1},"minecraft:custom":{"minecraft:time_since_rest":34580,"minecraft:sprint_one_cm":32459,"minecraft:play_time":34580,"minecraft:damage_taken":70,"minecraft:walk_one_cm":5429,"minecraft:sneak_time":127,"minecraft:walk_under_water_one_cm":309,"minecraft:drop":2,"minecraft:jump":236,"minecraft:leave_game":11,"minecraft:walk_on_water_one_cm":84,"minecraft:time_since_death":34580,"minecraft:total_world_time":34580,"minecraft:swim_one_cm":1558,"minecraft:fall_one_cm":4491,"minecraft:fly_one_cm":292273},"minecraft:mined":{"minecraft:red_sand":1}},"DataVersion":3465}