{"stats":{"minecraft:dropped":{"minecraft:grass_block":1,"another_furniture:acacia_chair":1},"minecraft:killed":{"duckling:quackling":1},"minecraft:custom":{"minecraft:open_chest":20,"minecraft:time_since_rest":17756,"minecraft:crouch_one_cm":249,"minecraft:play_time":17756,"minecraft:sprint_one_cm":4206,"minecraft:walk_one_cm":9942,"minecraft:sneak_time":406,"minecraft:mob_kills":1,"minecraft:drop":2,"minecraft:jump":12,"minecraft:damage_dealt":200,"minecraft:time_since_death":17756,"minecraft:total_world_time":17756,"minecraft:fly_one_cm":219323},"minecraft:used":{"minecraft:oak_fence":24,"minecraft:mooshroom_spawn_egg":2,"another_furniture:acacia_chair":1,"maced:mace":1,"minecraft:carved_pumpkin":5,"minecraft:iron_block":19,"minecraft:goat_horn":5,"minecraft:grass_block":1,"minecraft:camel_spawn_egg":1,"minecraft:chest":10,"duckling:quackling_spawn_egg":2,"minecraft:oak_fence_gate":4,"minecraft:cat_spawn_egg":1}},"DataVersion":3465}