{"stats":{"minecraft:dropped":{"plushies:snow_golem_plushie":1},"minecraft:picked_up":{"minecraft:red_sand":1},"minecraft:custom":{"minecraft:time_since_rest":16311,"minecraft:sprint_one_cm":27351,"minecraft:play_time":16311,"minecraft:damage_taken":70,"minecraft:walk_one_cm":4354,"minecraft:sneak_time":38,"minecraft:walk_under_water_one_cm":309,"minecraft:drop":1,"minecraft:jump":195,"minecraft:leave_game":9,"minecraft:walk_on_water_one_cm":84,"minecraft:time_since_death":16311,"minecraft:total_world_time":16311,"minecraft:swim_one_cm":1558,"minecraft:fall_one_cm":4491,"minecraft:fly_one_cm":199578},"minecraft:mined":{"minecraft:red_sand":1},"minecraft:used":{"creeperoverhaul:dark_oak_creeper_spawn_egg":1,"minecraft:red_sand":1,"minecraft:strider_spawn_egg":1,"minecraft:spruce_wood":1,"plushies:sheep_plushie":1,"minecraft:husk_spawn_egg":1,"plushies:snow_golem_plushie":1}},"DataVersion":3465}