{"stats":{"minecraft:crafted":{"minecraft:emerald":1,"minecraft:enchanted_book":1},"minecraft:mined":{"minecraft:tripwire":1},"minecraft:picked_up":{"minecraft:string":5,"minecraft:bone":2,"minecraft:arrow":2,"minecraft:rotten_flesh":2},"minecraft:dropped":{"minecraft:dark_oak_sign":1,"minecraft:rotten_flesh":2,"minecraft:arrow":2,"minecraft:grass_block":2,"another_furniture:acacia_chair":1},"minecraft:killed":{"duckling:quackling":1,"minecraft:villager":1},"minecraft:custom":{"minecraft:time_since_rest":41756,"minecraft:sprint_one_cm":35499,"minecraft:walk_one_cm":39697,"minecraft:mob_kills":2,"minecraft:drop":8,"minecraft:damage_dealt":400,"minecraft:traded_with_villager":2,"minecraft:talked_to_villager":84,"minecraft:fly_one_cm":276832,"minecraft:open_barrel":1,"minecraft:open_chest":35,"minecraft:crouch_one_cm":1858,"minecraft:play_time":41756,"minecraft:sneak_time":1303,"minecraft:jump":85,"minecraft:walk_on_water_one_cm":580,"minecraft:time_since_death":41756,"minecraft:total_world_time":41756},"minecraft:used":{"minecraft:oak_trapdoor":6,"minecraft:oak_fence":24,"minecraft:water_bucket":2,"minecraft:lever":2,"another_furniture:acacia_chair":1,"minecraft:villager_spawn_egg":2,"minecraft:iron_block":19,"minecraft:carved_pumpkin":5,"minecraft:grass_block":5,"minecraft:dark_oak_sign":2,"minecraft:string":12,"minecraft:oak_planks":34,"minecraft:lectern":76,"minecraft:chest":18,"duckling:quackling_spawn_egg":2,"minecraft:spruce_trapdoor":4,"minecraft:cat_spawn_egg":1,"minecraft:barrel":2,"minecraft:tripwire_hook":2,"minecraft:mooshroom_spawn_egg":2,"minecraft:golden_sword":4,"maced:mace":1,"minecraft:hopper":4,"minecraft:goat_horn":5,"minecraft:camel_spawn_egg":2,"minecraft:shears":5,"minecraft:oak_fence_gate":4}},"DataVersion":3465}