{"stats":{"minecraft:picked_up":{"minecraft:arrow":2,"minecraft:bone":2,"minecraft:rotten_flesh":2},"minecraft:dropped":{"minecraft:rotten_flesh":2,"minecraft:arrow":2,"minecraft:dark_oak_sign":1,"minecraft:grass_block":2,"another_furniture:acacia_chair":1},"minecraft:killed":{"duckling:quackling":1,"minecraft:villager":1},"minecraft:custom":{"minecraft:open_barrel":1,"minecraft:open_chest":30,"minecraft:time_since_rest":29756,"minecraft:crouch_one_cm":392,"minecraft:play_time":29756,"minecraft:sprint_one_cm":22171,"minecraft:walk_one_cm":22187,"minecraft:sneak_time":648,"minecraft:mob_kills":2,"minecraft:drop":8,"minecraft:jump":57,"minecraft:damage_dealt":400,"minecraft:time_since_death":29756,"minecraft:total_world_time":29756,"minecraft:talked_to_villager":60,"minecraft:fly_one_cm":270925},"minecraft:used":{"minecraft:oak_fence":24,"minecraft:golden_sword":4,"minecraft:mooshroom_spawn_egg":2,"another_furniture:acacia_chair":1,"maced:mace":1,"minecraft:villager_spawn_egg":2,"minecraft:carved_pumpkin":5,"minecraft:iron_block":19,"minecraft:goat_horn":5,"minecraft:grass_block":5,"minecraft:dark_oak_sign":2,"minecraft:oak_planks":3,"minecraft:lectern":56,"minecraft:camel_spawn_egg":2,"minecraft:chest":10,"duckling:quackling_spawn_egg":2,"minecraft:spruce_trapdoor":3,"minecraft:oak_fence_gate":4,"minecraft:cat_spawn_egg":1}},"DataVersion":3465}