{"stats":{"minecraft:killed":{"minecraft:spider":1,"minecraft:skeleton":5,"endermanoverhaul:desert_enderman":1,"minecraft:chicken":3,"minecraft:pig":10,"minecraft:salmon":2,"minecraft:sheep":6,"minecraft:pillager":2,"minecraft:donkey":1,"minecraft:zombie":6,"minecraft:cow":2,"friendsandfoes:mauler":1,"minecraft:drowned":1,"minecraft:husk":4},"minecraft:mined":{"minecraft:large_amethyst_bud":3,"minecraft:cut_sandstone_slab":1,"minecraft:white_bed":1,"minecraft:black_terracotta":1,"minecraft:cherry_log":2,"minecraft:sculk_vein":2,"minecraft:potted_cactus":1,"minecraft:cave_vines_plant":4,"minecraft:granite":10,"minecraft:grass_block":1,"minecraft:jungle_log":8,"minecraft:sandstone_stairs":1,"minecraft:iron_ore":54,"minecraft:moss_carpet":1,"minecraft:azure_bluet":1,"minecraft:dark_oak_stairs":1,"minecraft:cave_vines":14,"minecraft:oak_stairs":2,"minecraft:green_carpet":1,"minecraft:pink_tulip":2,"minecraft:smooth_sandstone_stairs":1,"minecraft:azalea":1,"minecraft:tripwire":6,"minecraft:green_bed":1,"minecraft:cut_sandstone":2,"minecraft:brown_mushroom":6,"minecraft:soul_fire":2,"minecraft:amethyst_cluster":3,"minecraft:blast_furnace":1,"minecraft:chest":1,"minecraft:dead_bush":1,"minecraft:mushroom_stem":2,"minecraft:cobblestone":4,"minecraft:cyan_bed":1,"minecraft:sugar_cane":43,"minecraft:oak_planks":6,"minecraft:wall_torch":3,"minecraft:white_terracotta":2,"minecraft:wheat":3,"minecraft:tnt":12,"minecraft:grass":24,"minecraft:oak_log":7,"minecraft:sand":10,"minecraft:dirt":21,"minecraft:sandstone_wall":1,"minecraft:smooth_basalt":1,"minecraft:red_mushroom_block":1,"minecraft:oak_leaves":6,"minecraft:deepslate":26,"minecraft:red_carpet":1,"minecraft:mossy_cobblestone":1,"minecraft:dark_oak_leaves":6,"minecraft:dark_oak_log":15,"minecraft:spruce_fence":1,"minecraft:decorated_pot":1,"minecraft:brown_mushroom_block":4,"minecraft:red_mushroom":3,"minecraft:moss_block":6,"minecraft:sandstone":6,"minecraft:hay_block":120,"minecraft:spore_blossom":1,"minecraft:furnace":8,"minecraft:carrots":2,"minecraft:stripped_spruce_log":1,"minecraft:white_glazed_terracotta":4,"minecraft:deepslate_iron_ore":17,"minecraft:vine":2,"minecraft:stone":113,"minecraft:bone_block":1,"minecraft:smooth_sandstone":2,"minecraft:crafting_table":10,"minecraft:emerald_ore":2,"minecraft:sculk_sensor":2,"minecraft:lectern":1,"minecraft:tall_grass":1,"minecraft:sculk":6,"minecraft:big_dripleaf":1,"minecraft:coal_ore":32,"minecraft:gray_carpet":2,"minecraft:cobweb":1,"minecraft:fern":2},"minecraft:picked_up":{"minecraft:iron_chestplate":3,"minecraft:wheat":25,"minecraft:flower_pot":2,"minecraft:suspicious_stew":2,"minecraft:sentry_armor_trim_smithing_template":2,"minecraft:oak_stairs":2,"minecraft:enchanted_book":1,"minecraft:string":5,"minecraft:iron_leggings":7,"minecraft:experience_bottle":9,"minecraft:beetroot":1,"minecraft:cobbled_deepslate":32,"minecraft:azalea":3,"minecraft:iron_pickaxe":9,"minecraft:iron_boots":6,"minecraft:furnace":10,"minecraft:white_glazed_terracotta":4,"minecraft:stick":503,"minecraft:big_dripleaf":20,"minecraft:torch":58,"minecraft:green_bed":1,"minecraft:porkchop":30,"minecraft:cherry_log":2,"minecraft:goat_horn":4,"minecraft:cactus":7,"minecraft:rotten_flesh":44,"minecraft:red_tulip":1,"minecraft:white_terracotta":2,"minecraft:obsidian":1,"minecraft:cobblestone":234,"minecraft:cooked_beef":14,"minecraft:feather":1,"minecraft:water_bucket":7,"minecraft:jungle_log":8,"minecraft:potato":20,"minecraft:smooth_sandstone_stairs":1,"minecraft:danger_pottery_sherd":1,"minecraft:dirt":43,"minecraft:bone":14,"minecraft:bow":3,"minecraft:orange_tulip":1,"minecraft:wheat_seeds":37,"minecraft:rabbit":2,"minecraft:moss_block":5,"minecraft:oak_planks":25,"duckling:duck_egg":2,"minecraft:black_terracotta":1,"minecraft:cooked_porkchop":9,"minecraft:axolotl_bucket":6,"minecraft:sand":10,"minecraft:stripped_spruce_log":1,"minecraft:dead_bush":2,"minecraft:cyan_bed":3,"minecraft:dark_oak_log":14,"minecraft:bundle":1,"minecraft:iron_hoe":2,"minecraft:writable_book":1,"minecraft:granite":6,"minecraft:bread":75,"minecraft:emerald":6,"minecraft:oak_sapling":1,"minecraft:crafting_table":14,"minecraft:azure_bluet":1,"minecraft:chicken":2,"minecraft:clay_ball":146,"minecraft:brown_mushroom":19,"minecraft:wooden_pickaxe":1,"minecraft:shield":6,"minecraft:brick":3,"minecraft:moss_carpet":9,"minecraft:iron_axe":7,"minecraft:beef":5,"minecraft:oak_boat":1,"minecraft:chest":1,"minecraft:iron_nugget":96,"minecraft:light_gray_wool":4,"minecraft:lectern":1,"minecraft:sugar_cane":89,"minecraft:raw_iron":134,"minecraft:sandstone":3,"minecraft:oak_door":6,"minecraft:copper_ingot":5,"minecraft:bowl":15,"minecraft:spruce_fence":2,"minecraft:skull_pottery_sherd":1,"minecraft:carrot":45,"minecraft:dark_oak_planks":7,"minecraft:tnt":16,"minecraft:arrow":9,"minecraft:beetroot_seeds":3,"minecraft:hay_block":183,"minecraft:sandstone_stairs":1,"minecraft:pink_tulip":1,"minecraft:glow_berries":63,"minecraft:mutton":9,"minecraft:white_wool":10,"minecraft:bone_block":1,"minecraft:clock":2,"minecraft:burn_pottery_sherd":1,"minecraft:salmon":2,"minecraft:cut_sandstone":2,"minecraft:leather":9,"minecraft:red_mushroom":10,"minecraft:filled_map":3,"minecraft:mushroom_stew":2,"minecraft:oak_log":6,"minecraft:gunpowder":1,"minecraft:paper":39,"minecraft:white_banner":4,"minecraft:cooked_mutton":4,"minecraft:smooth_sandstone":1,"minecraft:red_carpet":2,"minecraft:apple":33,"minecraft:spore_blossom":1,"minecraft:rabbit_hide":1,"minecraft:iron_ingot":79,"minecraft:flowering_azalea":1,"minecraft:iron_sword":7,"minecraft:amethyst_shard":12,"minecraft:prize_pottery_sherd":1,"minecraft:blast_furnace":2,"minecraft:white_bed":2,"minecraft:green_carpet":2,"minecraft:iron_helmet":5,"minecraft:melon_seeds":1,"minecraft:coal":112,"minecraft:ender_pearl":1},"minecraft:dropped":{"minecraft:moss_block":2,"minecraft:brown_mushroom":6,"minecraft:spore_blossom":1,"minecraft:cooked_porkchop":1,"minecraft:orange_tulip":1,"minecraft:red_carpet":2,"minecraft:dirt":3,"minecraft:cut_sandstone":1,"minecraft:bone":4,"minecraft:oak_door":2,"minecraft:sugar_cane":23,"minecraft:wheat":9,"minecraft:obsidian":1,"minecraft:beetroot":1,"minecraft:rotten_flesh":7,"minecraft:black_terracotta":1,"minecraft:carrot":3,"minecraft:rabbit_hide":1,"minecraft:beetroot_seeds":3,"minecraft:melon_seeds":1,"minecraft:azalea":2,"minecraft:arrow":5,"minecraft:wheat_seeds":36,"minecraft:feather":1,"minecraft:rabbit":1,"minecraft:green_carpet":2,"minecraft:flowering_azalea":1,"minecraft:cactus":1,"minecraft:string":1,"minecraft:pink_tulip":1,"minecraft:moss_carpet":8,"minecraft:clay_ball":64,"minecraft:suspicious_stew":1,"minecraft:hay_block":19,"minecraft:oak_boat":1,"minecraft:red_tulip":1,"minecraft:brick":3},"minecraft:used":{"minecraft:chest":1,"minecraft:shield":10,"minecraft:iron_sword":206,"minecraft:iron_chestplate":2,"minecraft:mutton":1,"minecraft:carrot":11,"minecraft:axolotl_bucket":3,"minecraft:milk_bucket":1,"minecraft:obsidian":1,"minecraft:lava_bucket":2,"minecraft:iron_helmet":2,"minecraft:furnace":9,"minecraft:potato":7,"minecraft:stone_pickaxe":64,"minecraft:oak_planks":5,"minecraft:wooden_pickaxe":10,"minecraft:sandstone":1,"minecraft:glow_berries":45,"minecraft:sand":5,"minecraft:mushroom_stew":2,"minecraft:blast_furnace":1,"minecraft:cyan_bed":1,"minecraft:bread":51,"minecraft:white_glazed_terracotta":4,"minecraft:oak_boat":1,"minecraft:azalea":1,"minecraft:oak_door":1,"minecraft:torch":4,"minecraft:salmon_bucket":3,"minecraft:spruce_fence":1,"minecraft:granite":2,"minecraft:iron_hoe":102,"minecraft:iron_axe":69,"minecraft:oak_stairs":2,"minecraft:iron_boots":2,"minecraft:goat_horn":5,"duckling:duck_egg":2,"minecraft:cooked_beef":2,"minecraft:cobbled_deepslate":26,"minecraft:iron_leggings":1,"minecraft:cooked_mutton":5,"minecraft:water_bucket":85,"minecraft:rabbit":1,"minecraft:brown_mushroom":1,"minecraft:green_bed":1,"minecraft:salmon":2,"minecraft:crafting_table":13,"minecraft:white_bed":1,"minecraft:chicken":1,"minecraft:suspicious_stew":1,"minecraft:iron_pickaxe":254,"minecraft:stone_axe":42,"minecraft:cobblestone":45,"minecraft:cooked_porkchop":15,"minecraft:porkchop":3,"minecraft:bucket":94},"minecraft:killed_by":{"minecraft:pillager":1,"minecraft:vindicator":1,"creeperoverhaul:ocean_creeper":2,"minecraft:witch":1,"minecraft:zombie":2,"friendsandfoes:mauler":1,"minecraft:skeleton":4},"minecraft:custom":{"minecraft:animals_bred":1,"minecraft:interact_with_crafting_table":42,"minecraft:open_barrel":14,"minecraft:leave_game":7,"minecraft:time_since_death":16344,"minecraft:sprint_one_cm":771909,"minecraft:damage_blocked_by_shield":365,"minecraft:drop":55,"minecraft:talked_to_villager":9,"minecraft:play_time":299354,"minecraft:deaths":16,"minecraft:jump":9430,"minecraft:walk_on_water_one_cm":111557,"minecraft:interact_with_furnace":52,"minecraft:traded_with_villager":2,"minecraft:interact_with_cartography_table":1,"minecraft:interact_with_loom":2,"minecraft:sleep_in_bed":6,"minecraft:damage_dealt":7461,"minecraft:crouch_one_cm":24833,"minecraft:horse_one_cm":121,"minecraft:mob_kills":49,"minecraft:climb_one_cm":18367,"minecraft:walk_one_cm":452529,"minecraft:sneak_time":10282,"minecraft:walk_under_water_one_cm":106933,"minecraft:boat_one_cm":372470,"minecraft:interact_with_blast_furnace":7,"minecraft:total_world_time":299354,"minecraft:raid_trigger":1,"minecraft:interact_with_grindstone":2,"minecraft:time_since_rest":682,"minecraft:damage_taken":8392,"minecraft:trigger_trapped_chest":5,"minecraft:swim_one_cm":232155,"minecraft:fly_one_cm":1761713,"minecraft:open_chest":60,"minecraft:fall_one_cm":314787},"minecraft:crafted":{"minecraft:oak_planks":24,"minecraft:cooked_mutton":2,"minecraft:iron_boots":2,"minecraft:emerald":2,"minecraft:cooked_porkchop":16,"minecraft:crafting_table":3,"minecraft:wooden_pickaxe":2,"minecraft:iron_helmet":1,"minecraft:iron_chestplate":2,"minecraft:paper":66,"minecraft:shield":2,"minecraft:stick":20,"minecraft:iron_ingot":34,"minecraft:iron_pickaxe":1,"minecraft:stone_sword":1,"minecraft:oak_door":3,"minecraft:furnace":3,"minecraft:iron_hoe":1,"minecraft:stone_pickaxe":2,"minecraft:dark_oak_planks":56,"minecraft:wheat":945,"minecraft:cooked_beef":2,"minecraft:iron_sword":2,"minecraft:bucket":2,"minecraft:stone_axe":2,"minecraft:bread":318,"minecraft:air":0,"minecraft:jungle_planks":24,"minecraft:oak_boat":1,"minecraft:iron_leggings":1,"minecraft:white_bed":1,"minecraft:torch":8}},"DataVersion":3465}