{"stats":{"minecraft:mined":{"minecraft:brown_mushroom":1,"minecraft:dark_oak_leaves":6,"minecraft:cherry_log":2,"minecraft:dark_oak_log":4,"minecraft:crafting_table":1,"minecraft:grass":9,"minecraft:spruce_fence":1,"minecraft:coal_ore":9,"minecraft:jungle_log":6,"minecraft:stone":36,"minecraft:moss_block":1,"minecraft:oak_leaves":5,"minecraft:fern":1},"minecraft:picked_up":{"minecraft:stick":2,"minecraft:crafting_table":1,"minecraft:feather":1,"minecraft:chicken":2,"minecraft:jungle_log":6,"minecraft:brown_mushroom":1,"minecraft:spruce_fence":2,"minecraft:porkchop":10,"minecraft:cherry_log":2,"minecraft:dark_oak_log":4,"minecraft:rotten_flesh":3,"minecraft:wheat_seeds":3,"minecraft:moss_block":1,"minecraft:mutton":3,"minecraft:coal":9,"minecraft:white_wool":3,"minecraft:cobblestone":36},"minecraft:dropped":{"minecraft:moss_block":1,"minecraft:wheat_seeds":3,"minecraft:feather":1},"minecraft:killed_by":{"minecraft:skeleton":1,"minecraft:zombie":2},"minecraft:killed":{"minecraft:sheep":2,"minecraft:zombie":1,"minecraft:pig":4,"minecraft:chicken":2},"minecraft:crafted":{"minecraft:cooked_porkchop":1,"minecraft:crafting_table":2,"minecraft:stick":12,"minecraft:wooden_pickaxe":2,"minecraft:stone_pickaxe":1,"minecraft:dark_oak_planks":16,"minecraft:stone_axe":1,"minecraft:jungle_planks":24},"minecraft:custom":{"minecraft:time_since_rest":3926,"minecraft:interact_with_furnace":10,"minecraft:sprint_one_cm":84332,"minecraft:damage_taken":1015,"minecraft:walk_one_cm":59608,"minecraft:mob_kills":9,"minecraft:drop":5,"minecraft:damage_dealt":989,"minecraft:swim_one_cm":3208,"minecraft:interact_with_crafting_table":6,"minecraft:fly_one_cm":169530,"minecraft:open_barrel":2,"minecraft:crouch_one_cm":3595,"minecraft:play_time":27656,"minecraft:deaths":3,"minecraft:sneak_time":1119,"minecraft:walk_under_water_one_cm":264,"minecraft:jump":1111,"minecraft:walk_on_water_one_cm":1139,"minecraft:time_since_death":3878,"minecraft:climb_one_cm":4412,"minecraft:total_world_time":27656,"minecraft:fall_one_cm":36177},"minecraft:used":{"minecraft:chicken":1,"minecraft:stone_pickaxe":35,"minecraft:wooden_pickaxe":10,"minecraft:brown_mushroom":1,"minecraft:stone_axe":21,"minecraft:mutton":1,"minecraft:crafting_table":2,"minecraft:cooked_porkchop":1,"minecraft:porkchop":1,"minecraft:spruce_fence":1}},"DataVersion":3465}