{"stats":{"minecraft:killed":{"minecraft:spider":1,"minecraft:skeleton":4,"minecraft:chicken":2,"minecraft:drowned":1,"minecraft:pig":10,"minecraft:salmon":2,"minecraft:sheep":6,"minecraft:donkey":1,"minecraft:zombie":6,"minecraft:cow":2},"minecraft:mined":{"minecraft:white_bed":1,"minecraft:dark_oak_leaves":6,"minecraft:black_terracotta":1,"minecraft:cherry_log":2,"minecraft:sculk_vein":2,"minecraft:dark_oak_log":15,"minecraft:cave_vines_plant":4,"minecraft:spruce_fence":1,"minecraft:grass_block":1,"minecraft:jungle_log":8,"minecraft:brown_mushroom_block":2,"minecraft:red_mushroom":3,"minecraft:moss_block":6,"minecraft:spore_blossom":1,"minecraft:furnace":8,"minecraft:iron_ore":49,"minecraft:stripped_spruce_log":1,"minecraft:moss_carpet":1,"minecraft:azure_bluet":1,"minecraft:vine":2,"minecraft:cave_vines":14,"minecraft:deepslate_iron_ore":17,"minecraft:pink_tulip":2,"minecraft:azalea":1,"minecraft:stone":112,"minecraft:brown_mushroom":6,"minecraft:soul_fire":2,"minecraft:crafting_table":6,"minecraft:emerald_ore":2,"minecraft:sculk_sensor":2,"minecraft:mushroom_stem":2,"minecraft:tall_grass":1,"minecraft:cobblestone":3,"minecraft:sculk":6,"minecraft:wall_torch":3,"minecraft:big_dripleaf":1,"minecraft:white_terracotta":2,"minecraft:grass":23,"minecraft:coal_ore":32,"minecraft:oak_log":7,"minecraft:dirt":1,"minecraft:smooth_basalt":1,"minecraft:red_mushroom_block":1,"minecraft:oak_leaves":6,"minecraft:deepslate":26,"minecraft:fern":2},"minecraft:picked_up":{"minecraft:iron_chestplate":1,"minecraft:crafting_table":8,"minecraft:azure_bluet":1,"minecraft:chicken":2,"minecraft:clay_ball":146,"minecraft:suspicious_stew":2,"minecraft:brown_mushroom":7,"minecraft:wooden_pickaxe":1,"minecraft:shield":3,"minecraft:brick":3,"minecraft:moss_carpet":9,"minecraft:iron_axe":4,"minecraft:iron_leggings":3,"minecraft:cobbled_deepslate":32,"minecraft:beef":5,"minecraft:oak_boat":1,"minecraft:iron_nugget":32,"minecraft:azalea":2,"minecraft:light_gray_wool":2,"minecraft:iron_pickaxe":4,"minecraft:iron_boots":2,"minecraft:furnace":9,"minecraft:raw_iron":108,"minecraft:stick":256,"minecraft:oak_door":2,"minecraft:copper_ingot":2,"minecraft:big_dripleaf":20,"minecraft:torch":17,"minecraft:spruce_fence":2,"minecraft:porkchop":30,"minecraft:cherry_log":2,"minecraft:dark_oak_planks":7,"minecraft:arrow":5,"minecraft:rotten_flesh":10,"minecraft:red_tulip":1,"minecraft:pink_tulip":1,"minecraft:white_terracotta":2,"minecraft:mutton":9,"minecraft:glow_berries":63,"minecraft:obsidian":1,"minecraft:white_wool":10,"minecraft:cobblestone":177,"minecraft:clock":1,"minecraft:feather":1,"minecraft:cooked_beef":1,"minecraft:jungle_log":8,"minecraft:water_bucket":4,"minecraft:salmon":2,"minecraft:leather":6,"minecraft:red_mushroom":4,"minecraft:filled_map":1,"minecraft:oak_log":6,"minecraft:gunpowder":1,"minecraft:dirt":3,"minecraft:cooked_mutton":4,"minecraft:bone":5,"minecraft:orange_tulip":1,"minecraft:bow":2,"minecraft:wheat_seeds":7,"minecraft:rabbit_hide":1,"minecraft:spore_blossom":1,"minecraft:iron_ingot":45,"minecraft:rabbit":1,"minecraft:moss_block":5,"minecraft:oak_planks":18,"minecraft:flowering_azalea":1,"minecraft:iron_sword":3,"minecraft:black_terracotta":1,"minecraft:axolotl_bucket":2,"minecraft:stripped_spruce_log":1,"minecraft:white_bed":1,"minecraft:dark_oak_log":14,"minecraft:iron_helmet":2,"minecraft:emerald":2,"minecraft:coal":92},"minecraft:dropped":{"minecraft:moss_block":2,"minecraft:wheat_seeds":6,"minecraft:spore_blossom":1,"minecraft:orange_tulip":1,"minecraft:feather":1,"minecraft:dirt":3,"minecraft:flowering_azalea":1,"minecraft:pink_tulip":1,"minecraft:moss_carpet":8,"minecraft:obsidian":1,"minecraft:rotten_flesh":5,"minecraft:black_terracotta":1,"minecraft:clay_ball":64,"minecraft:rabbit_hide":1,"minecraft:azalea":1,"minecraft:arrow":1,"minecraft:red_tulip":1,"minecraft:brick":3},"minecraft:used":{"minecraft:azalea":1,"minecraft:shield":8,"minecraft:iron_sword":77,"minecraft:oak_door":1,"minecraft:iron_chestplate":1,"minecraft:torch":4,"minecraft:mutton":1,"minecraft:salmon_bucket":3,"minecraft:spruce_fence":1,"minecraft:axolotl_bucket":2,"minecraft:lava_bucket":1,"minecraft:iron_axe":42,"minecraft:iron_boots":1,"minecraft:furnace":8,"minecraft:cooked_beef":2,"minecraft:cobbled_deepslate":26,"minecraft:iron_leggings":1,"minecraft:cooked_mutton":5,"minecraft:water_bucket":52,"minecraft:rabbit":1,"minecraft:stone_pickaxe":64,"minecraft:wooden_pickaxe":10,"minecraft:brown_mushroom":1,"minecraft:salmon":2,"minecraft:glow_berries":45,"minecraft:crafting_table":9,"minecraft:white_bed":1,"minecraft:chicken":1,"minecraft:suspicious_stew":1,"minecraft:iron_pickaxe":195,"minecraft:stone_axe":42,"minecraft:cobblestone":29,"minecraft:cooked_porkchop":10,"minecraft:porkchop":3,"minecraft:bucket":60,"minecraft:oak_boat":1},"minecraft:killed_by":{"minecraft:skeleton":4,"minecraft:witch":1,"minecraft:zombie":2},"minecraft:custom":{"minecraft:mob_kills":36,"minecraft:interact_with_crafting_table":28,"minecraft:open_barrel":2,"minecraft:leave_game":4,"minecraft:time_since_death":18528,"minecraft:climb_one_cm":10867,"minecraft:sprint_one_cm":333502,"minecraft:walk_one_cm":221972,"minecraft:damage_blocked_by_shield":335,"minecraft:drop":29,"minecraft:play_time":153592,"minecraft:deaths":10,"minecraft:sneak_time":6790,"minecraft:walk_under_water_one_cm":93609,"minecraft:boat_one_cm":191228,"minecraft:jump":4398,"minecraft:walk_on_water_one_cm":86262,"minecraft:total_world_time":153592,"minecraft:interact_with_furnace":50,"minecraft:time_since_rest":18555,"minecraft:damage_taken":4150,"minecraft:damage_dealt":4595,"minecraft:swim_one_cm":128025,"minecraft:fly_one_cm":584874,"minecraft:open_chest":4,"minecraft:crouch_one_cm":15125,"minecraft:fall_one_cm":130659},"minecraft:crafted":{"minecraft:oak_door":3,"minecraft:oak_planks":24,"minecraft:furnace":3,"minecraft:cooked_mutton":2,"minecraft:iron_boots":2,"minecraft:stone_pickaxe":2,"minecraft:dark_oak_planks":56,"minecraft:cooked_beef":2,"minecraft:cooked_porkchop":16,"minecraft:crafting_table":3,"minecraft:wooden_pickaxe":2,"minecraft:iron_helmet":1,"minecraft:iron_sword":2,"minecraft:bucket":2,"minecraft:stone_axe":2,"minecraft:air":0,"minecraft:jungle_planks":24,"minecraft:oak_boat":1,"minecraft:iron_chestplate":1,"minecraft:shield":1,"minecraft:stick":20,"minecraft:iron_ingot":29,"minecraft:iron_pickaxe":1,"minecraft:stone_sword":1,"minecraft:iron_leggings":1,"minecraft:white_bed":1,"minecraft:torch":8}},"DataVersion":3465}