{"stats":{"minecraft:picked_up":{"minecraft:crafting_table":3,"minecraft:feather":1,"minecraft:chicken":2,"minecraft:jungle_log":6,"minecraft:brown_mushroom":1,"minecraft:wooden_pickaxe":1,"minecraft:moss_carpet":8,"minecraft:bone":1,"minecraft:wheat_seeds":4,"minecraft:cobbled_deepslate":23,"minecraft:azalea":2,"minecraft:moss_block":2,"minecraft:flowering_azalea":1,"minecraft:furnace":2,"minecraft:stick":4,"minecraft:raw_iron":34,"minecraft:spruce_fence":2,"minecraft:porkchop":10,"minecraft:stripped_spruce_log":1,"minecraft:cherry_log":2,"minecraft:dark_oak_log":14,"minecraft:dark_oak_planks":7,"minecraft:arrow":2,"minecraft:rotten_flesh":5,"minecraft:emerald":2,"minecraft:glow_berries":19,"minecraft:mutton":3,"minecraft:coal":27,"minecraft:white_wool":4,"minecraft:cobblestone":61},"minecraft:killed_by":{"minecraft:skeleton":1,"minecraft:zombie":2},"minecraft:custom":{"minecraft:interact_with_furnace":27,"minecraft:mob_kills":12,"minecraft:interact_with_crafting_table":16,"minecraft:open_barrel":2,"minecraft:leave_game":3,"minecraft:time_since_death":1486,"minecraft:climb_one_cm":8775,"minecraft:time_since_rest":1527,"minecraft:sprint_one_cm":145253,"minecraft:damage_taken":1675,"minecraft:walk_one_cm":111982,"minecraft:damage_blocked_by_shield":55,"minecraft:drop":10,"minecraft:damage_dealt":1463,"minecraft:swim_one_cm":24714,"minecraft:fly_one_cm":242122,"minecraft:crouch_one_cm":8360,"minecraft:play_time":67298,"minecraft:deaths":5,"minecraft:sneak_time":3501,"minecraft:walk_under_water_one_cm":30807,"minecraft:jump":1998,"minecraft:walk_on_water_one_cm":31607,"minecraft:total_world_time":67298,"minecraft:fall_one_cm":57232},"minecraft:mined":{"minecraft:brown_mushroom":1,"minecraft:dark_oak_leaves":6,"minecraft:cherry_log":2,"minecraft:soul_fire":2,"minecraft:dark_oak_log":15,"minecraft:crafting_table":3,"minecraft:cave_vines_plant":2,"minecraft:emerald_ore":2,"minecraft:spruce_fence":1,"minecraft:jungle_log":6,"minecraft:cobblestone":2,"minecraft:moss_block":4,"minecraft:sculk":2,"minecraft:furnace":2,"minecraft:iron_ore":20,"minecraft:stripped_spruce_log":1,"minecraft:grass":11,"minecraft:coal_ore":27,"minecraft:cave_vines":8,"minecraft:deepslate_iron_ore":11,"minecraft:smooth_basalt":1,"minecraft:azalea":1,"minecraft:stone":57,"minecraft:oak_leaves":5,"minecraft:deepslate":23,"minecraft:fern":2},"minecraft:crafted":{"minecraft:cooked_porkchop":6,"minecraft:crafting_table":2,"minecraft:wooden_pickaxe":2,"minecraft:iron_sword":1,"minecraft:furnace":1,"minecraft:bucket":1,"minecraft:stone_axe":2,"minecraft:air":0,"minecraft:jungle_planks":24,"minecraft:shield":1,"minecraft:stick":20,"minecraft:iron_ingot":10,"minecraft:iron_pickaxe":1,"minecraft:stone_pickaxe":2,"minecraft:stone_sword":1,"minecraft:dark_oak_planks":56},"minecraft:used":{"minecraft:azalea":1,"minecraft:water_bucket":15,"minecraft:stone_pickaxe":64,"minecraft:wooden_pickaxe":10,"minecraft:shield":2,"minecraft:iron_sword":18,"minecraft:brown_mushroom":1,"minecraft:glow_berries":14,"minecraft:mutton":1,"minecraft:crafting_table":4,"minecraft:spruce_fence":1,"minecraft:chicken":1,"minecraft:iron_pickaxe":75,"minecraft:stone_axe":42,"minecraft:cobblestone":5,"minecraft:furnace":2,"minecraft:porkchop":2,"minecraft:cooked_porkchop":6,"minecraft:bucket":16,"minecraft:cobbled_deepslate":23},"minecraft:killed":{"minecraft:pig":4,"minecraft:spider":1,"minecraft:skeleton":1,"minecraft:sheep":2,"minecraft:zombie":2,"minecraft:chicken":2},"minecraft:dropped":{"minecraft:moss_carpet":8,"minecraft:moss_block":2,"minecraft:wheat_seeds":3,"minecraft:feather":1,"minecraft:rotten_flesh":2,"minecraft:azalea":1,"minecraft:flowering_azalea":1}},"DataVersion":3465}