{"stats":{"minecraft:picked_up":{"minecraft:iron_chestplate":1,"minecraft:crafting_table":4,"minecraft:feather":1,"minecraft:chicken":2,"minecraft:clay_ball":78,"minecraft:water_bucket":2,"minecraft:jungle_log":8,"minecraft:brown_mushroom":1,"minecraft:wooden_pickaxe":1,"minecraft:gunpowder":1,"minecraft:shield":2,"minecraft:moss_carpet":8,"minecraft:iron_axe":2,"minecraft:iron_leggings":1,"minecraft:bone":1,"minecraft:wheat_seeds":4,"minecraft:cobbled_deepslate":23,"minecraft:iron_ingot":21,"minecraft:azalea":2,"minecraft:iron_pickaxe":2,"minecraft:moss_block":2,"minecraft:iron_sword":2,"minecraft:flowering_azalea":1,"minecraft:furnace":2,"minecraft:stick":132,"minecraft:raw_iron":58,"minecraft:big_dripleaf":8,"minecraft:spruce_fence":2,"minecraft:porkchop":10,"minecraft:stripped_spruce_log":1,"minecraft:cherry_log":2,"minecraft:dark_oak_log":14,"minecraft:dark_oak_planks":7,"minecraft:arrow":2,"minecraft:rotten_flesh":8,"minecraft:emerald":2,"minecraft:glow_berries":26,"minecraft:mutton":3,"minecraft:coal":27,"minecraft:white_wool":4,"minecraft:cobblestone":128},"minecraft:killed_by":{"minecraft:skeleton":2,"minecraft:witch":1,"minecraft:zombie":2},"minecraft:custom":{"minecraft:interact_with_furnace":29,"minecraft:mob_kills":12,"minecraft:interact_with_crafting_table":18,"minecraft:open_barrel":2,"minecraft:leave_game":3,"minecraft:time_since_death":3531,"minecraft:climb_one_cm":10181,"minecraft:time_since_rest":3573,"minecraft:sprint_one_cm":174165,"minecraft:damage_taken":2145,"minecraft:walk_one_cm":128331,"minecraft:damage_blocked_by_shield":145,"minecraft:drop":15,"minecraft:damage_dealt":1463,"minecraft:swim_one_cm":26011,"minecraft:fly_one_cm":301652,"minecraft:crouch_one_cm":9012,"minecraft:play_time":79298,"minecraft:deaths":7,"minecraft:sneak_time":3858,"minecraft:walk_under_water_one_cm":34481,"minecraft:jump":2402,"minecraft:walk_on_water_one_cm":41175,"minecraft:total_world_time":79298,"minecraft:fall_one_cm":72371},"minecraft:mined":{"minecraft:brown_mushroom":1,"minecraft:dark_oak_leaves":6,"minecraft:cherry_log":2,"minecraft:soul_fire":2,"minecraft:dark_oak_log":15,"minecraft:crafting_table":3,"minecraft:cave_vines_plant":2,"minecraft:emerald_ore":2,"minecraft:spruce_fence":1,"minecraft:jungle_log":8,"minecraft:cobblestone":3,"minecraft:moss_block":4,"minecraft:sculk":2,"minecraft:furnace":2,"minecraft:iron_ore":37,"minecraft:stripped_spruce_log":1,"minecraft:grass":11,"minecraft:vine":2,"minecraft:coal_ore":27,"minecraft:cave_vines":9,"minecraft:deepslate_iron_ore":11,"minecraft:smooth_basalt":1,"minecraft:azalea":1,"minecraft:stone":95,"minecraft:oak_leaves":5,"minecraft:deepslate":23,"minecraft:fern":2},"minecraft:crafted":{"minecraft:cooked_porkchop":6,"minecraft:crafting_table":2,"minecraft:wooden_pickaxe":2,"minecraft:iron_sword":1,"minecraft:furnace":2,"minecraft:bucket":1,"minecraft:stone_axe":2,"minecraft:air":0,"minecraft:jungle_planks":24,"minecraft:iron_chestplate":1,"minecraft:iron_boots":1,"minecraft:shield":1,"minecraft:stick":20,"minecraft:iron_ingot":10,"minecraft:iron_pickaxe":1,"minecraft:stone_pickaxe":2,"minecraft:stone_sword":1,"minecraft:iron_leggings":1,"minecraft:dark_oak_planks":56},"minecraft:used":{"minecraft:azalea":1,"minecraft:water_bucket":15,"minecraft:stone_pickaxe":64,"minecraft:wooden_pickaxe":10,"minecraft:shield":3,"minecraft:iron_sword":19,"minecraft:brown_mushroom":1,"minecraft:iron_chestplate":1,"minecraft:glow_berries":17,"minecraft:mutton":1,"minecraft:crafting_table":5,"minecraft:spruce_fence":1,"minecraft:chicken":1,"minecraft:iron_pickaxe":131,"minecraft:stone_axe":42,"minecraft:cobblestone":7,"minecraft:furnace":3,"minecraft:porkchop":2,"minecraft:cooked_porkchop":6,"minecraft:bucket":16,"minecraft:cobbled_deepslate":23,"minecraft:iron_leggings":1},"minecraft:killed":{"minecraft:pig":4,"minecraft:spider":1,"minecraft:skeleton":1,"minecraft:sheep":2,"minecraft:zombie":2,"minecraft:chicken":2},"minecraft:dropped":{"minecraft:moss_carpet":8,"minecraft:moss_block":2,"minecraft:wheat_seeds":3,"minecraft:feather":1,"minecraft:rotten_flesh":5,"minecraft:clay_ball":64,"minecraft:azalea":1,"minecraft:flowering_azalea":1}},"DataVersion":3465}