{"stats":{"minecraft:killed":{"minecraft:pig":6,"minecraft:spider":1,"minecraft:sheep":2,"minecraft:skeleton":4,"minecraft:zombie":6,"minecraft:chicken":2},"minecraft:mined":{"minecraft:brown_mushroom":1,"minecraft:dark_oak_leaves":6,"minecraft:sculk_vein":2,"minecraft:cherry_log":2,"minecraft:soul_fire":2,"minecraft:dark_oak_log":15,"minecraft:crafting_table":5,"minecraft:grass_block":1,"minecraft:cave_vines_plant":4,"minecraft:emerald_ore":2,"minecraft:spruce_fence":1,"minecraft:jungle_log":8,"minecraft:sculk_sensor":2,"minecraft:tall_grass":1,"minecraft:cobblestone":3,"minecraft:moss_block":6,"minecraft:sculk":6,"minecraft:wall_torch":3,"minecraft:big_dripleaf":1,"minecraft:spore_blossom":1,"minecraft:furnace":4,"minecraft:iron_ore":49,"minecraft:moss_carpet":1,"minecraft:stripped_spruce_log":1,"minecraft:grass":13,"minecraft:oak_log":7,"minecraft:coal_ore":32,"minecraft:cave_vines":14,"minecraft:deepslate_iron_ore":17,"minecraft:vine":2,"minecraft:dirt":1,"minecraft:smooth_basalt":1,"minecraft:azalea":1,"minecraft:stone":96,"minecraft:oak_leaves":6,"minecraft:deepslate":26,"minecraft:fern":2},"minecraft:picked_up":{"minecraft:crafting_table":7,"minecraft:iron_chestplate":1,"minecraft:feather":1,"minecraft:chicken":2,"minecraft:clay_ball":112,"minecraft:water_bucket":3,"minecraft:jungle_log":8,"minecraft:brown_mushroom":1,"minecraft:wooden_pickaxe":1,"minecraft:oak_log":6,"minecraft:shield":3,"minecraft:gunpowder":1,"minecraft:dirt":3,"minecraft:moss_carpet":9,"minecraft:iron_axe":3,"minecraft:iron_leggings":2,"minecraft:bone":3,"minecraft:bow":1,"minecraft:wheat_seeds":4,"minecraft:cobbled_deepslate":29,"minecraft:spore_blossom":1,"minecraft:iron_ingot":29,"minecraft:azalea":2,"minecraft:iron_pickaxe":3,"minecraft:moss_block":5,"minecraft:iron_sword":3,"minecraft:flowering_azalea":1,"minecraft:iron_boots":1,"minecraft:furnace":4,"minecraft:stick":194,"minecraft:raw_iron":92,"minecraft:big_dripleaf":20,"minecraft:axolotl_bucket":1,"minecraft:torch":10,"minecraft:spruce_fence":2,"minecraft:porkchop":12,"minecraft:cherry_log":2,"minecraft:stripped_spruce_log":1,"minecraft:dark_oak_log":14,"minecraft:dark_oak_planks":7,"minecraft:arrow":5,"minecraft:rotten_flesh":8,"minecraft:iron_helmet":1,"minecraft:emerald":2,"minecraft:obsidian":1,"minecraft:glow_berries":63,"minecraft:mutton":3,"minecraft:coal":60,"minecraft:white_wool":4,"minecraft:cobblestone":151},"minecraft:dropped":{"minecraft:moss_carpet":8,"minecraft:moss_block":2,"minecraft:wheat_seeds":3,"minecraft:spore_blossom":1,"minecraft:obsidian":1,"minecraft:feather":1,"minecraft:rotten_flesh":5,"minecraft:clay_ball":64,"minecraft:dirt":3,"minecraft:azalea":1,"minecraft:flowering_azalea":1,"minecraft:arrow":1},"minecraft:used":{"minecraft:azalea":1,"minecraft:water_bucket":40,"minecraft:stone_pickaxe":64,"minecraft:wooden_pickaxe":10,"minecraft:shield":6,"minecraft:brown_mushroom":1,"minecraft:iron_sword":51,"minecraft:iron_chestplate":1,"minecraft:torch":4,"minecraft:glow_berries":44,"minecraft:mutton":1,"minecraft:crafting_table":6,"minecraft:salmon_bucket":1,"minecraft:spruce_fence":1,"minecraft:axolotl_bucket":1,"minecraft:lava_bucket":1,"minecraft:chicken":1,"minecraft:iron_axe":18,"minecraft:iron_pickaxe":172,"minecraft:iron_boots":1,"minecraft:stone_axe":42,"minecraft:cobblestone":14,"minecraft:porkchop":2,"minecraft:furnace":4,"minecraft:cooked_porkchop":8,"minecraft:bucket":45,"minecraft:cobbled_deepslate":23,"minecraft:iron_leggings":1},"minecraft:killed_by":{"minecraft:skeleton":4,"minecraft:witch":1,"minecraft:zombie":2},"minecraft:crafted":{"minecraft:oak_planks":24,"minecraft:cooked_porkchop":8,"minecraft:crafting_table":2,"minecraft:wooden_pickaxe":2,"minecraft:iron_helmet":1,"minecraft:iron_sword":1,"minecraft:furnace":3,"minecraft:bucket":2,"minecraft:stone_axe":2,"minecraft:air":0,"minecraft:jungle_planks":24,"minecraft:iron_boots":2,"minecraft:iron_chestplate":1,"minecraft:shield":1,"minecraft:stick":20,"minecraft:iron_ingot":29,"minecraft:iron_pickaxe":1,"minecraft:stone_pickaxe":2,"minecraft:stone_sword":1,"minecraft:iron_leggings":1,"minecraft:dark_oak_planks":56,"minecraft:torch":8},"minecraft:custom":{"minecraft:interact_with_furnace":38,"minecraft:mob_kills":21,"minecraft:interact_with_crafting_table":23,"minecraft:open_barrel":2,"minecraft:leave_game":4,"minecraft:time_since_death":14743,"minecraft:climb_one_cm":10867,"minecraft:time_since_rest":14769,"minecraft:sprint_one_cm":238700,"minecraft:damage_taken":3185,"minecraft:walk_one_cm":171973,"minecraft:damage_blocked_by_shield":235,"minecraft:drop":21,"minecraft:damage_dealt":3096,"minecraft:swim_one_cm":61321,"minecraft:fly_one_cm":412361,"minecraft:crouch_one_cm":11877,"minecraft:play_time":111592,"minecraft:sneak_time":5568,"minecraft:deaths":9,"minecraft:walk_under_water_one_cm":57032,"minecraft:jump":3271,"minecraft:walk_on_water_one_cm":69267,"minecraft:total_world_time":111592,"minecraft:fall_one_cm":97889}},"DataVersion":3465}