{"stats":{"minecraft:mined":{"minecraft:cherry_log":2,"minecraft:crafting_table":1,"minecraft:grass":4,"minecraft:spruce_fence":1,"minecraft:coal_ore":9,"minecraft:jungle_log":6,"minecraft:stone":33,"minecraft:oak_leaves":5,"minecraft:fern":1},"minecraft:picked_up":{"minecraft:stick":2,"minecraft:crafting_table":1,"minecraft:feather":1,"minecraft:chicken":2,"minecraft:jungle_log":6,"minecraft:spruce_fence":1,"minecraft:porkchop":4,"minecraft:cherry_log":2,"minecraft:rotten_flesh":1,"minecraft:wheat_seeds":1,"minecraft:mutton":1,"minecraft:coal":9,"minecraft:white_wool":1,"minecraft:cobblestone":33},"minecraft:dropped":{"minecraft:wheat_seeds":1,"minecraft:feather":1},"minecraft:killed_by":{"minecraft:zombie":1},"minecraft:killed":{"minecraft:sheep":1,"minecraft:zombie":1,"minecraft:pig":2,"minecraft:chicken":2},"minecraft:crafted":{"minecraft:cooked_porkchop":1,"minecraft:crafting_table":1,"minecraft:stick":8,"minecraft:wooden_pickaxe":1,"minecraft:stone_pickaxe":1,"minecraft:stone_axe":1,"minecraft:jungle_planks":24},"minecraft:custom":{"minecraft:time_since_rest":2692,"minecraft:interact_with_furnace":9,"minecraft:sprint_one_cm":49132,"minecraft:damage_taken":390,"minecraft:walk_one_cm":25910,"minecraft:mob_kills":6,"minecraft:drop":2,"minecraft:damage_dealt":710,"minecraft:interact_with_crafting_table":5,"minecraft:fly_one_cm":85866,"minecraft:open_barrel":2,"minecraft:crouch_one_cm":2995,"minecraft:play_time":15656,"minecraft:deaths":1,"minecraft:sneak_time":894,"minecraft:jump":513,"minecraft:time_since_death":2661,"minecraft:climb_one_cm":196,"minecraft:total_world_time":15656,"minecraft:fall_one_cm":15522},"minecraft:used":{"minecraft:chicken":1,"minecraft:stone_pickaxe":35,"minecraft:wooden_pickaxe":7,"minecraft:stone_axe":21,"minecraft:mutton":1,"minecraft:crafting_table":1,"minecraft:cooked_porkchop":1,"minecraft:porkchop":1}},"DataVersion":3465}