{"stats":{"minecraft:killed":{"minecraft:spider":1,"minecraft:skeleton":4,"endermanoverhaul:desert_enderman":1,"friendsandfoes:mauler":1,"minecraft:chicken":2,"minecraft:drowned":1,"minecraft:husk":4,"minecraft:pig":10,"minecraft:salmon":2,"minecraft:sheep":6,"minecraft:zombie":6,"minecraft:donkey":1,"minecraft:cow":2},"minecraft:mined":{"minecraft:large_amethyst_bud":2,"minecraft:white_bed":1,"minecraft:mossy_cobblestone":1,"minecraft:dark_oak_leaves":6,"minecraft:black_terracotta":1,"minecraft:sculk_vein":2,"minecraft:cherry_log":2,"minecraft:dark_oak_log":15,"minecraft:potted_cactus":1,"minecraft:cave_vines_plant":4,"minecraft:granite":10,"minecraft:spruce_fence":1,"minecraft:grass_block":1,"minecraft:decorated_pot":1,"minecraft:jungle_log":8,"minecraft:brown_mushroom_block":4,"minecraft:moss_block":6,"minecraft:red_mushroom":3,"minecraft:sandstone":4,"minecraft:sandstone_stairs":1,"minecraft:hay_block":120,"minecraft:spore_blossom":1,"minecraft:furnace":8,"minecraft:iron_ore":54,"minecraft:stripped_spruce_log":1,"minecraft:moss_carpet":1,"minecraft:azure_bluet":1,"minecraft:white_glazed_terracotta":4,"minecraft:vine":2,"minecraft:cave_vines":14,"minecraft:deepslate_iron_ore":17,"minecraft:oak_stairs":2,"minecraft:green_carpet":1,"minecraft:smooth_sandstone_stairs":1,"minecraft:pink_tulip":2,"minecraft:azalea":1,"minecraft:stone":113,"minecraft:green_bed":1,"minecraft:tripwire":1,"minecraft:cut_sandstone":1,"minecraft:brown_mushroom":6,"minecraft:soul_fire":2,"minecraft:amethyst_cluster":2,"minecraft:crafting_table":9,"minecraft:blast_furnace":1,"minecraft:emerald_ore":2,"minecraft:chest":1,"minecraft:dead_bush":1,"minecraft:sculk_sensor":2,"minecraft:lectern":1,"minecraft:mushroom_stem":2,"minecraft:tall_grass":1,"minecraft:cobblestone":4,"minecraft:cyan_bed":1,"minecraft:oak_planks":6,"minecraft:sugar_cane":43,"minecraft:big_dripleaf":1,"minecraft:wall_torch":3,"minecraft:sculk":6,"minecraft:white_terracotta":2,"minecraft:tnt":4,"minecraft:grass":23,"minecraft:oak_log":7,"minecraft:coal_ore":32,"minecraft:sand":6,"minecraft:dirt":21,"minecraft:sandstone_wall":1,"minecraft:cobweb":1,"minecraft:smooth_basalt":1,"minecraft:red_mushroom_block":1,"minecraft:oak_leaves":6,"minecraft:deepslate":26,"minecraft:fern":2},"minecraft:picked_up":{"minecraft:iron_chestplate":2,"minecraft:crafting_table":13,"minecraft:wheat":16,"minecraft:azure_bluet":1,"minecraft:chicken":2,"minecraft:clay_ball":146,"minecraft:flower_pot":2,"minecraft:suspicious_stew":2,"minecraft:brown_mushroom":19,"minecraft:wooden_pickaxe":1,"minecraft:oak_stairs":2,"minecraft:brick":3,"minecraft:shield":5,"minecraft:string":1,"minecraft:moss_carpet":9,"minecraft:iron_axe":6,"minecraft:iron_leggings":6,"minecraft:cobbled_deepslate":32,"minecraft:beef":5,"minecraft:oak_boat":1,"minecraft:azalea":2,"minecraft:iron_nugget":96,"minecraft:iron_pickaxe":7,"minecraft:light_gray_wool":4,"minecraft:lectern":1,"minecraft:sugar_cane":89,"minecraft:chest":1,"minecraft:iron_boots":5,"minecraft:furnace":10,"minecraft:white_glazed_terracotta":4,"minecraft:stick":439,"minecraft:raw_iron":129,"minecraft:sandstone":3,"minecraft:oak_door":6,"minecraft:copper_ingot":5,"minecraft:big_dripleaf":20,"minecraft:torch":46,"minecraft:bowl":1,"minecraft:green_bed":1,"minecraft:spruce_fence":2,"minecraft:porkchop":30,"minecraft:skull_pottery_sherd":1,"minecraft:cherry_log":2,"minecraft:dark_oak_planks":7,"minecraft:tnt":4,"minecraft:arrow":5,"minecraft:cactus":7,"minecraft:rotten_flesh":44,"minecraft:hay_block":183,"minecraft:sandstone_stairs":1,"minecraft:red_tulip":1,"minecraft:pink_tulip":1,"minecraft:white_terracotta":2,"minecraft:glow_berries":63,"minecraft:obsidian":1,"minecraft:mutton":9,"minecraft:white_wool":10,"minecraft:cobblestone":218,"minecraft:clock":2,"minecraft:feather":1,"minecraft:cooked_beef":1,"minecraft:burn_pottery_sherd":1,"minecraft:water_bucket":6,"minecraft:jungle_log":8,"minecraft:salmon":2,"minecraft:cut_sandstone":1,"minecraft:leather":9,"minecraft:red_mushroom":10,"minecraft:filled_map":3,"minecraft:mushroom_stew":2,"minecraft:smooth_sandstone_stairs":1,"minecraft:oak_log":6,"minecraft:danger_pottery_sherd":1,"minecraft:gunpowder":1,"minecraft:dirt":23,"minecraft:paper":15,"minecraft:cooked_mutton":4,"minecraft:bone":8,"minecraft:bow":3,"minecraft:wheat_seeds":7,"minecraft:orange_tulip":1,"minecraft:rabbit_hide":1,"minecraft:spore_blossom":1,"minecraft:iron_ingot":74,"minecraft:rabbit":2,"minecraft:moss_block":5,"minecraft:iron_sword":6,"minecraft:oak_planks":25,"minecraft:flowering_azalea":1,"duckling:duck_egg":2,"minecraft:black_terracotta":1,"minecraft:cooked_porkchop":9,"minecraft:axolotl_bucket":5,"minecraft:sand":6,"minecraft:amethyst_shard":8,"minecraft:stripped_spruce_log":1,"minecraft:prize_pottery_sherd":1,"minecraft:blast_furnace":1,"minecraft:white_bed":2,"minecraft:dead_bush":2,"minecraft:cyan_bed":3,"minecraft:green_carpet":2,"minecraft:dark_oak_log":14,"minecraft:iron_hoe":1,"minecraft:iron_helmet":5,"minecraft:granite":6,"minecraft:emerald":5,"minecraft:bread":32,"minecraft:coal":112,"minecraft:ender_pearl":1},"minecraft:dropped":{"minecraft:moss_block":2,"minecraft:brown_mushroom":6,"minecraft:wheat_seeds":6,"minecraft:spore_blossom":1,"minecraft:cooked_porkchop":1,"minecraft:orange_tulip":1,"minecraft:feather":1,"minecraft:dirt":3,"minecraft:rabbit":1,"minecraft:green_carpet":2,"minecraft:flowering_azalea":1,"minecraft:cactus":1,"minecraft:pink_tulip":1,"minecraft:oak_door":2,"minecraft:moss_carpet":8,"minecraft:sugar_cane":23,"minecraft:obsidian":1,"minecraft:black_terracotta":1,"minecraft:rotten_flesh":7,"minecraft:clay_ball":64,"minecraft:suspicious_stew":1,"minecraft:rabbit_hide":1,"minecraft:hay_block":19,"minecraft:azalea":1,"minecraft:oak_boat":1,"minecraft:arrow":1,"minecraft:red_tulip":1,"minecraft:brick":3},"minecraft:used":{"minecraft:azalea":1,"minecraft:chest":1,"minecraft:shield":9,"minecraft:iron_sword":179,"minecraft:oak_door":1,"minecraft:iron_chestplate":2,"minecraft:torch":4,"minecraft:mutton":1,"minecraft:salmon_bucket":3,"minecraft:axolotl_bucket":2,"minecraft:granite":2,"minecraft:spruce_fence":1,"minecraft:milk_bucket":1,"minecraft:iron_hoe":102,"minecraft:lava_bucket":1,"minecraft:iron_axe":67,"minecraft:iron_helmet":2,"minecraft:iron_boots":2,"duckling:duck_egg":2,"minecraft:furnace":9,"minecraft:potato":1,"minecraft:cooked_beef":2,"minecraft:cobbled_deepslate":26,"minecraft:iron_leggings":1,"minecraft:cooked_mutton":5,"minecraft:water_bucket":74,"minecraft:rabbit":1,"minecraft:stone_pickaxe":64,"minecraft:oak_planks":5,"minecraft:wooden_pickaxe":10,"minecraft:sandstone":1,"minecraft:brown_mushroom":1,"minecraft:green_bed":1,"minecraft:salmon":2,"minecraft:glow_berries":45,"minecraft:sand":2,"minecraft:crafting_table":12,"minecraft:mushroom_stew":2,"minecraft:white_bed":1,"minecraft:chicken":1,"minecraft:bread":28,"minecraft:cyan_bed":1,"minecraft:iron_pickaxe":235,"minecraft:suspicious_stew":1,"minecraft:white_glazed_terracotta":4,"minecraft:stone_axe":42,"minecraft:cobblestone":43,"minecraft:porkchop":3,"minecraft:cooked_porkchop":15,"minecraft:bucket":82,"minecraft:oak_boat":1},"minecraft:killed_by":{"friendsandfoes:mauler":1,"creeperoverhaul:ocean_creeper":2,"minecraft:skeleton":4,"minecraft:witch":1,"minecraft:zombie":2},"minecraft:custom":{"minecraft:mob_kills":44,"minecraft:animals_bred":1,"minecraft:interact_with_crafting_table":38,"minecraft:open_barrel":8,"minecraft:leave_game":6,"minecraft:time_since_death":42300,"minecraft:climb_one_cm":15439,"minecraft:sprint_one_cm":588194,"minecraft:walk_one_cm":375943,"minecraft:damage_blocked_by_shield":335,"minecraft:drop":41,"minecraft:talked_to_villager":8,"minecraft:play_time":248827,"minecraft:sneak_time":9282,"minecraft:deaths":13,"minecraft:walk_under_water_one_cm":104433,"minecraft:boat_one_cm":372470,"minecraft:jump":7155,"minecraft:interact_with_blast_furnace":1,"minecraft:walk_on_water_one_cm":106998,"minecraft:total_world_time":248827,"minecraft:interact_with_furnace":52,"minecraft:traded_with_villager":2,"minecraft:interact_with_cartography_table":1,"minecraft:interact_with_grindstone":2,"minecraft:sleep_in_bed":4,"minecraft:time_since_rest":40159,"minecraft:damage_taken":6436,"minecraft:trigger_trapped_chest":2,"minecraft:damage_dealt":6491,"minecraft:swim_one_cm":207007,"minecraft:fly_one_cm":1246701,"minecraft:open_chest":30,"minecraft:crouch_one_cm":22925,"minecraft:fall_one_cm":217061,"minecraft:horse_one_cm":121},"minecraft:crafted":{"minecraft:oak_door":3,"minecraft:oak_planks":24,"minecraft:furnace":3,"minecraft:cooked_mutton":2,"minecraft:iron_boots":2,"minecraft:iron_hoe":1,"minecraft:stone_pickaxe":2,"minecraft:dark_oak_planks":56,"minecraft:wheat":945,"minecraft:cooked_beef":2,"minecraft:emerald":2,"minecraft:cooked_porkchop":16,"minecraft:crafting_table":3,"minecraft:wooden_pickaxe":2,"minecraft:iron_helmet":1,"minecraft:iron_sword":2,"minecraft:bucket":2,"minecraft:stone_axe":2,"minecraft:bread":318,"minecraft:air":0,"minecraft:jungle_planks":24,"minecraft:oak_boat":1,"minecraft:iron_chestplate":2,"minecraft:paper":66,"minecraft:shield":2,"minecraft:stick":20,"minecraft:iron_ingot":29,"minecraft:iron_pickaxe":1,"minecraft:stone_sword":1,"minecraft:iron_leggings":1,"minecraft:white_bed":1,"minecraft:torch":8}},"DataVersion":3465}