{"stats":{"minecraft:mined":{"minecraft:brown_mushroom":1,"minecraft:dark_oak_leaves":6,"minecraft:cherry_log":2,"minecraft:dark_oak_log":15,"minecraft:crafting_table":3,"minecraft:cave_vines_plant":2,"minecraft:emerald_ore":2,"minecraft:spruce_fence":1,"minecraft:jungle_log":6,"minecraft:moss_block":2,"minecraft:sculk":2,"minecraft:furnace":2,"minecraft:iron_ore":16,"minecraft:grass":11,"minecraft:coal_ore":27,"minecraft:cave_vines":8,"minecraft:deepslate_iron_ore":5,"minecraft:stone":51,"minecraft:oak_leaves":5,"minecraft:deepslate":20,"minecraft:fern":2},"minecraft:picked_up":{"minecraft:crafting_table":3,"minecraft:feather":1,"minecraft:chicken":2,"minecraft:jungle_log":6,"minecraft:brown_mushroom":1,"minecraft:wooden_pickaxe":1,"minecraft:moss_carpet":8,"minecraft:bone":1,"minecraft:wheat_seeds":4,"minecraft:cobbled_deepslate":20,"minecraft:moss_block":1,"minecraft:flowering_azalea":1,"minecraft:furnace":2,"minecraft:stick":4,"minecraft:raw_iron":24,"minecraft:spruce_fence":2,"minecraft:porkchop":10,"minecraft:cherry_log":2,"minecraft:dark_oak_log":14,"minecraft:dark_oak_planks":7,"minecraft:arrow":2,"minecraft:rotten_flesh":5,"minecraft:emerald":2,"minecraft:glow_berries":19,"minecraft:mutton":3,"minecraft:coal":27,"minecraft:white_wool":4,"minecraft:cobblestone":53},"minecraft:dropped":{"minecraft:moss_carpet":8,"minecraft:moss_block":1,"minecraft:wheat_seeds":3,"minecraft:feather":1,"minecraft:rotten_flesh":2},"minecraft:killed_by":{"minecraft:skeleton":1,"minecraft:zombie":2},"minecraft:killed":{"minecraft:pig":4,"minecraft:spider":1,"minecraft:skeleton":1,"minecraft:sheep":2,"minecraft:zombie":2,"minecraft:chicken":2},"minecraft:crafted":{"minecraft:cooked_porkchop":6,"minecraft:crafting_table":2,"minecraft:wooden_pickaxe":2,"minecraft:iron_sword":1,"minecraft:furnace":1,"minecraft:bucket":1,"minecraft:stone_axe":2,"minecraft:air":0,"minecraft:jungle_planks":24,"minecraft:shield":1,"minecraft:stick":20,"minecraft:iron_ingot":10,"minecraft:iron_pickaxe":1,"minecraft:stone_pickaxe":2,"minecraft:stone_sword":1,"minecraft:dark_oak_planks":56},"minecraft:custom":{"minecraft:interact_with_furnace":27,"minecraft:mob_kills":12,"minecraft:interact_with_crafting_table":16,"minecraft:open_barrel":2,"minecraft:leave_game":1,"minecraft:time_since_death":27698,"minecraft:climb_one_cm":7347,"minecraft:time_since_rest":27746,"minecraft:sprint_one_cm":136494,"minecraft:damage_taken":1515,"minecraft:walk_one_cm":93497,"minecraft:damage_blocked_by_shield":25,"minecraft:drop":7,"minecraft:damage_dealt":1429,"minecraft:swim_one_cm":14401,"minecraft:fly_one_cm":233065,"minecraft:crouch_one_cm":6222,"minecraft:play_time":51476,"minecraft:deaths":3,"minecraft:sneak_time":2645,"minecraft:walk_under_water_one_cm":12230,"minecraft:jump":1643,"minecraft:walk_on_water_one_cm":19235,"minecraft:total_world_time":51476,"minecraft:fall_one_cm":53587},"minecraft:used":{"minecraft:water_bucket":13,"minecraft:stone_pickaxe":64,"minecraft:shield":1,"minecraft:wooden_pickaxe":10,"minecraft:iron_sword":14,"minecraft:brown_mushroom":1,"minecraft:glow_berries":10,"minecraft:mutton":1,"minecraft:crafting_table":4,"minecraft:spruce_fence":1,"minecraft:chicken":1,"minecraft:iron_pickaxe":51,"minecraft:stone_axe":42,"minecraft:cooked_porkchop":6,"minecraft:furnace":2,"minecraft:porkchop":2,"minecraft:bucket":14,"minecraft:cobbled_deepslate":3}},"DataVersion":3465}