{"stats":{"minecraft:killed":{"minecraft:spider":1,"minecraft:skeleton":4,"minecraft:chicken":2,"minecraft:pig":6,"minecraft:salmon":2,"minecraft:sheep":6,"minecraft:donkey":1,"minecraft:zombie":6},"minecraft:mined":{"minecraft:dark_oak_leaves":6,"minecraft:black_terracotta":1,"minecraft:cherry_log":2,"minecraft:sculk_vein":2,"minecraft:dark_oak_log":15,"minecraft:cave_vines_plant":4,"minecraft:spruce_fence":1,"minecraft:grass_block":1,"minecraft:jungle_log":8,"minecraft:moss_block":6,"minecraft:spore_blossom":1,"minecraft:furnace":6,"minecraft:iron_ore":49,"minecraft:stripped_spruce_log":1,"minecraft:moss_carpet":1,"minecraft:azure_bluet":1,"minecraft:vine":2,"minecraft:cave_vines":14,"minecraft:deepslate_iron_ore":17,"minecraft:pink_tulip":1,"minecraft:azalea":1,"minecraft:stone":96,"minecraft:brown_mushroom":1,"minecraft:soul_fire":2,"minecraft:crafting_table":5,"minecraft:emerald_ore":2,"minecraft:sculk_sensor":2,"minecraft:tall_grass":1,"minecraft:cobblestone":3,"minecraft:sculk":6,"minecraft:wall_torch":3,"minecraft:big_dripleaf":1,"minecraft:white_terracotta":2,"minecraft:grass":23,"minecraft:coal_ore":32,"minecraft:oak_log":7,"minecraft:dirt":1,"minecraft:smooth_basalt":1,"minecraft:oak_leaves":6,"minecraft:deepslate":26,"minecraft:fern":2},"minecraft:picked_up":{"minecraft:iron_chestplate":1,"minecraft:crafting_table":7,"minecraft:azure_bluet":1,"minecraft:chicken":2,"minecraft:clay_ball":112,"minecraft:brown_mushroom":1,"minecraft:wooden_pickaxe":1,"minecraft:shield":3,"minecraft:brick":3,"minecraft:moss_carpet":9,"minecraft:iron_axe":3,"minecraft:iron_leggings":2,"minecraft:cobbled_deepslate":29,"minecraft:azalea":2,"minecraft:light_gray_wool":1,"minecraft:iron_pickaxe":3,"minecraft:iron_boots":1,"minecraft:furnace":6,"minecraft:raw_iron":92,"minecraft:stick":194,"minecraft:big_dripleaf":20,"minecraft:torch":10,"minecraft:spruce_fence":2,"minecraft:porkchop":12,"minecraft:cherry_log":2,"minecraft:dark_oak_planks":7,"minecraft:arrow":5,"minecraft:rotten_flesh":8,"minecraft:red_tulip":1,"minecraft:pink_tulip":1,"minecraft:white_terracotta":2,"minecraft:mutton":9,"minecraft:glow_berries":63,"minecraft:obsidian":1,"minecraft:white_wool":7,"minecraft:cobblestone":151,"minecraft:feather":1,"minecraft:jungle_log":8,"minecraft:water_bucket":3,"minecraft:salmon":2,"minecraft:oak_log":6,"minecraft:gunpowder":1,"minecraft:dirt":3,"minecraft:cooked_mutton":3,"minecraft:bone":3,"minecraft:orange_tulip":1,"minecraft:bow":1,"minecraft:wheat_seeds":7,"minecraft:rabbit_hide":1,"minecraft:spore_blossom":1,"minecraft:iron_ingot":29,"minecraft:rabbit":1,"minecraft:moss_block":5,"minecraft:flowering_azalea":1,"minecraft:iron_sword":3,"minecraft:black_terracotta":1,"minecraft:axolotl_bucket":1,"minecraft:stripped_spruce_log":1,"minecraft:dark_oak_log":14,"minecraft:iron_helmet":1,"minecraft:emerald":2,"minecraft:coal":71},"minecraft:dropped":{"minecraft:moss_block":2,"minecraft:wheat_seeds":3,"minecraft:spore_blossom":1,"minecraft:feather":1,"minecraft:dirt":3,"minecraft:flowering_azalea":1,"minecraft:moss_carpet":8,"minecraft:obsidian":1,"minecraft:rotten_flesh":5,"minecraft:black_terracotta":1,"minecraft:clay_ball":64,"minecraft:azalea":1,"minecraft:arrow":1,"minecraft:brick":3},"minecraft:used":{"minecraft:azalea":1,"minecraft:shield":6,"minecraft:iron_sword":71,"minecraft:iron_chestplate":1,"minecraft:torch":4,"minecraft:mutton":1,"minecraft:salmon_bucket":3,"minecraft:spruce_fence":1,"minecraft:axolotl_bucket":2,"minecraft:lava_bucket":1,"minecraft:iron_axe":25,"minecraft:iron_boots":1,"minecraft:furnace":6,"minecraft:cobbled_deepslate":23,"minecraft:iron_leggings":1,"minecraft:cooked_mutton":3,"minecraft:water_bucket":42,"minecraft:rabbit":1,"minecraft:stone_pickaxe":64,"minecraft:wooden_pickaxe":10,"minecraft:brown_mushroom":1,"minecraft:salmon":2,"minecraft:glow_berries":45,"minecraft:crafting_table":6,"minecraft:chicken":1,"minecraft:iron_pickaxe":177,"minecraft:stone_axe":42,"minecraft:cobblestone":19,"minecraft:cooked_porkchop":8,"minecraft:porkchop":2,"minecraft:bucket":50},"minecraft:killed_by":{"minecraft:skeleton":4,"minecraft:witch":1,"minecraft:zombie":2},"minecraft:custom":{"minecraft:mob_kills":29,"minecraft:interact_with_crafting_table":23,"minecraft:open_barrel":2,"minecraft:leave_game":4,"minecraft:time_since_death":26743,"minecraft:climb_one_cm":10867,"minecraft:sprint_one_cm":277540,"minecraft:walk_one_cm":193379,"minecraft:damage_blocked_by_shield":235,"minecraft:drop":24,"minecraft:play_time":123592,"minecraft:deaths":9,"minecraft:sneak_time":5682,"minecraft:walk_under_water_one_cm":58239,"minecraft:jump":3770,"minecraft:walk_on_water_one_cm":74733,"minecraft:total_world_time":123592,"minecraft:interact_with_furnace":43,"minecraft:time_since_rest":26769,"minecraft:damage_taken":3285,"minecraft:damage_dealt":3795,"minecraft:swim_one_cm":77557,"minecraft:fly_one_cm":507621,"minecraft:crouch_one_cm":12351,"minecraft:fall_one_cm":111316},"minecraft:crafted":{"minecraft:oak_planks":24,"minecraft:furnace":3,"minecraft:cooked_mutton":2,"minecraft:iron_boots":2,"minecraft:stone_pickaxe":2,"minecraft:dark_oak_planks":56,"minecraft:cooked_porkchop":8,"minecraft:crafting_table":2,"minecraft:wooden_pickaxe":2,"minecraft:iron_helmet":1,"minecraft:iron_sword":1,"minecraft:bucket":2,"minecraft:stone_axe":2,"minecraft:air":0,"minecraft:jungle_planks":24,"minecraft:iron_chestplate":1,"minecraft:shield":1,"minecraft:stick":20,"minecraft:iron_ingot":29,"minecraft:iron_pickaxe":1,"minecraft:stone_sword":1,"minecraft:iron_leggings":1,"minecraft:torch":8}},"DataVersion":3465}