{"stats":{"minecraft:mined":{"minecraft:brown_mushroom":1,"minecraft:dark_oak_leaves":6,"minecraft:cherry_log":2,"minecraft:dark_oak_log":15,"minecraft:crafting_table":3,"minecraft:emerald_ore":2,"minecraft:spruce_fence":1,"minecraft:jungle_log":6,"minecraft:moss_block":1,"minecraft:furnace":2,"minecraft:iron_ore":13,"minecraft:grass":9,"minecraft:coal_ore":13,"minecraft:stone":50,"minecraft:oak_leaves":5,"minecraft:fern":1},"minecraft:picked_up":{"minecraft:crafting_table":3,"minecraft:feather":1,"minecraft:chicken":2,"minecraft:jungle_log":6,"minecraft:brown_mushroom":1,"minecraft:wooden_pickaxe":1,"minecraft:wheat_seeds":3,"minecraft:moss_block":1,"minecraft:furnace":2,"minecraft:stick":4,"minecraft:raw_iron":16,"minecraft:spruce_fence":2,"minecraft:porkchop":10,"minecraft:cherry_log":2,"minecraft:dark_oak_log":14,"minecraft:dark_oak_planks":7,"minecraft:rotten_flesh":5,"minecraft:emerald":2,"minecraft:mutton":3,"minecraft:coal":14,"minecraft:white_wool":4,"minecraft:cobblestone":53},"minecraft:dropped":{"minecraft:moss_block":1,"minecraft:wheat_seeds":3,"minecraft:feather":1},"minecraft:killed_by":{"minecraft:skeleton":1,"minecraft:zombie":2},"minecraft:killed":{"minecraft:pig":4,"minecraft:sheep":2,"minecraft:zombie":1,"minecraft:chicken":2},"minecraft:crafted":{"minecraft:cooked_porkchop":6,"minecraft:crafting_table":2,"minecraft:wooden_pickaxe":2,"minecraft:iron_sword":1,"minecraft:furnace":1,"minecraft:bucket":1,"minecraft:stone_axe":2,"minecraft:air":0,"minecraft:jungle_planks":24,"minecraft:shield":1,"minecraft:stick":20,"minecraft:iron_ingot":10,"minecraft:iron_pickaxe":1,"minecraft:stone_pickaxe":2,"minecraft:stone_sword":1,"minecraft:dark_oak_planks":56},"minecraft:custom":{"minecraft:interact_with_furnace":27,"minecraft:mob_kills":9,"minecraft:interact_with_crafting_table":16,"minecraft:open_barrel":2,"minecraft:leave_game":1,"minecraft:time_since_death":16494,"minecraft:climb_one_cm":5741,"minecraft:time_since_rest":16542,"minecraft:sprint_one_cm":107915,"minecraft:damage_taken":1305,"minecraft:walk_one_cm":71911,"minecraft:drop":5,"minecraft:damage_dealt":989,"minecraft:swim_one_cm":10290,"minecraft:fly_one_cm":196845,"minecraft:crouch_one_cm":4618,"minecraft:play_time":40272,"minecraft:deaths":3,"minecraft:sneak_time":1937,"minecraft:walk_under_water_one_cm":4454,"minecraft:jump":1345,"minecraft:walk_on_water_one_cm":9844,"minecraft:total_world_time":40272,"minecraft:fall_one_cm":45621},"minecraft:used":{"minecraft:water_bucket":4,"minecraft:stone_pickaxe":64,"minecraft:wooden_pickaxe":10,"minecraft:brown_mushroom":1,"minecraft:mutton":1,"minecraft:crafting_table":4,"minecraft:spruce_fence":1,"minecraft:chicken":1,"minecraft:iron_pickaxe":6,"minecraft:stone_axe":31,"minecraft:porkchop":2,"minecraft:furnace":2,"minecraft:cooked_porkchop":5,"minecraft:bucket":5}},"DataVersion":3465}