{"stats":{"minecraft:killed":{"minecraft:spider":1,"minecraft:skeleton":4,"friendsandfoes:mauler":1,"minecraft:chicken":2,"minecraft:drowned":1,"minecraft:husk":1,"minecraft:pig":10,"minecraft:salmon":2,"minecraft:sheep":6,"minecraft:zombie":6,"minecraft:donkey":1,"minecraft:cow":2},"minecraft:mined":{"minecraft:white_bed":1,"minecraft:dark_oak_leaves":6,"minecraft:black_terracotta":1,"minecraft:sculk_vein":2,"minecraft:cherry_log":2,"minecraft:dark_oak_log":15,"minecraft:potted_cactus":1,"minecraft:cave_vines_plant":4,"minecraft:grass_block":1,"minecraft:spruce_fence":1,"minecraft:jungle_log":8,"minecraft:brown_mushroom_block":4,"minecraft:moss_block":6,"minecraft:red_mushroom":3,"minecraft:sandstone":1,"minecraft:hay_block":65,"minecraft:spore_blossom":1,"minecraft:furnace":8,"minecraft:iron_ore":49,"minecraft:stripped_spruce_log":1,"minecraft:moss_carpet":1,"minecraft:azure_bluet":1,"minecraft:white_glazed_terracotta":4,"minecraft:vine":2,"minecraft:cave_vines":14,"minecraft:deepslate_iron_ore":17,"minecraft:green_carpet":1,"minecraft:pink_tulip":2,"minecraft:azalea":1,"minecraft:stone":112,"minecraft:green_bed":1,"minecraft:cut_sandstone":1,"minecraft:brown_mushroom":6,"minecraft:soul_fire":2,"minecraft:crafting_table":9,"minecraft:emerald_ore":2,"minecraft:chest":1,"minecraft:dead_bush":1,"minecraft:sculk_sensor":2,"minecraft:mushroom_stem":2,"minecraft:tall_grass":1,"minecraft:cobblestone":3,"minecraft:cyan_bed":1,"minecraft:oak_planks":6,"minecraft:sugar_cane":43,"minecraft:wall_torch":3,"minecraft:sculk":6,"minecraft:big_dripleaf":1,"minecraft:white_terracotta":2,"minecraft:grass":23,"minecraft:oak_log":7,"minecraft:coal_ore":32,"minecraft:sand":2,"minecraft:dirt":1,"minecraft:cobweb":1,"minecraft:smooth_basalt":1,"minecraft:red_mushroom_block":1,"minecraft:oak_leaves":6,"minecraft:deepslate":26,"minecraft:fern":2},"minecraft:picked_up":{"minecraft:crafting_table":13,"minecraft:iron_chestplate":2,"minecraft:wheat":12,"minecraft:azure_bluet":1,"minecraft:chicken":2,"minecraft:flower_pot":2,"minecraft:clay_ball":146,"minecraft:suspicious_stew":2,"minecraft:brown_mushroom":19,"minecraft:wooden_pickaxe":1,"minecraft:shield":5,"minecraft:brick":3,"minecraft:moss_carpet":9,"minecraft:iron_axe":6,"minecraft:iron_leggings":6,"minecraft:cobbled_deepslate":32,"minecraft:beef":5,"minecraft:oak_boat":1,"minecraft:azalea":2,"minecraft:iron_nugget":96,"minecraft:light_gray_wool":4,"minecraft:iron_pickaxe":7,"minecraft:sugar_cane":89,"minecraft:chest":1,"minecraft:iron_boots":5,"minecraft:furnace":10,"minecraft:white_glazed_terracotta":4,"minecraft:stick":439,"minecraft:raw_iron":124,"minecraft:sandstone":1,"minecraft:oak_door":6,"minecraft:copper_ingot":5,"minecraft:big_dripleaf":20,"minecraft:torch":46,"minecraft:bowl":1,"minecraft:green_bed":1,"minecraft:spruce_fence":2,"minecraft:porkchop":30,"minecraft:cherry_log":2,"minecraft:dark_oak_planks":7,"minecraft:arrow":5,"minecraft:cactus":7,"minecraft:rotten_flesh":42,"minecraft:hay_block":109,"minecraft:red_tulip":1,"minecraft:pink_tulip":1,"minecraft:white_terracotta":2,"minecraft:obsidian":1,"minecraft:glow_berries":63,"minecraft:mutton":9,"minecraft:white_wool":10,"minecraft:cobblestone":216,"minecraft:clock":2,"minecraft:feather":1,"minecraft:cooked_beef":1,"minecraft:water_bucket":6,"minecraft:salmon":2,"minecraft:jungle_log":8,"minecraft:cut_sandstone":1,"minecraft:leather":9,"minecraft:red_mushroom":10,"minecraft:filled_map":3,"minecraft:mushroom_stew":2,"minecraft:oak_log":6,"minecraft:gunpowder":1,"minecraft:dirt":3,"minecraft:paper":15,"minecraft:cooked_mutton":4,"minecraft:bone":8,"minecraft:wheat_seeds":7,"minecraft:bow":3,"minecraft:orange_tulip":1,"minecraft:rabbit_hide":1,"minecraft:spore_blossom":1,"minecraft:iron_ingot":74,"minecraft:rabbit":1,"minecraft:moss_block":5,"minecraft:iron_sword":6,"minecraft:oak_planks":25,"minecraft:flowering_azalea":1,"minecraft:black_terracotta":1,"minecraft:cooked_porkchop":9,"minecraft:axolotl_bucket":5,"minecraft:sand":2,"minecraft:stripped_spruce_log":1,"minecraft:white_bed":2,"minecraft:dead_bush":2,"minecraft:cyan_bed":3,"minecraft:green_carpet":2,"minecraft:dark_oak_log":14,"minecraft:iron_hoe":1,"minecraft:iron_helmet":5,"minecraft:emerald":5,"minecraft:bread":32,"minecraft:coal":112},"minecraft:dropped":{"minecraft:moss_block":2,"minecraft:brown_mushroom":6,"minecraft:wheat_seeds":6,"minecraft:spore_blossom":1,"minecraft:orange_tulip":1,"minecraft:feather":1,"minecraft:dirt":3,"minecraft:green_carpet":2,"minecraft:flowering_azalea":1,"minecraft:pink_tulip":1,"minecraft:moss_carpet":8,"minecraft:sugar_cane":23,"minecraft:obsidian":1,"minecraft:rotten_flesh":7,"minecraft:black_terracotta":1,"minecraft:clay_ball":64,"minecraft:suspicious_stew":1,"minecraft:rabbit_hide":1,"minecraft:azalea":1,"minecraft:oak_boat":1,"minecraft:arrow":1,"minecraft:red_tulip":1,"minecraft:brick":3},"minecraft:used":{"minecraft:azalea":1,"minecraft:chest":1,"minecraft:shield":8,"minecraft:iron_sword":150,"minecraft:oak_door":1,"minecraft:iron_chestplate":2,"minecraft:torch":4,"minecraft:mutton":1,"minecraft:salmon_bucket":3,"minecraft:spruce_fence":1,"minecraft:axolotl_bucket":2,"minecraft:milk_bucket":1,"minecraft:iron_hoe":36,"minecraft:lava_bucket":1,"minecraft:iron_axe":58,"minecraft:iron_helmet":2,"minecraft:iron_boots":2,"minecraft:furnace":9,"minecraft:cooked_beef":2,"minecraft:cobbled_deepslate":26,"minecraft:iron_leggings":1,"minecraft:cooked_mutton":5,"minecraft:water_bucket":56,"minecraft:rabbit":1,"minecraft:stone_pickaxe":64,"minecraft:oak_planks":5,"minecraft:wooden_pickaxe":10,"minecraft:sandstone":1,"minecraft:brown_mushroom":1,"minecraft:green_bed":1,"minecraft:salmon":2,"minecraft:glow_berries":45,"minecraft:sand":2,"minecraft:crafting_table":12,"minecraft:mushroom_stew":2,"minecraft:white_bed":1,"minecraft:chicken":1,"minecraft:bread":10,"minecraft:cyan_bed":1,"minecraft:iron_pickaxe":201,"minecraft:suspicious_stew":1,"minecraft:white_glazed_terracotta":4,"minecraft:stone_axe":42,"minecraft:cobblestone":36,"minecraft:porkchop":3,"minecraft:cooked_porkchop":14,"minecraft:bucket":64,"minecraft:oak_boat":1},"minecraft:killed_by":{"friendsandfoes:mauler":1,"creeperoverhaul:ocean_creeper":2,"minecraft:skeleton":4,"minecraft:witch":1,"minecraft:zombie":2},"minecraft:custom":{"minecraft:mob_kills":39,"minecraft:interact_with_crafting_table":37,"minecraft:open_barrel":2,"minecraft:leave_game":5,"minecraft:time_since_death":3900,"minecraft:climb_one_cm":10867,"minecraft:sprint_one_cm":464002,"minecraft:walk_one_cm":305669,"minecraft:damage_blocked_by_shield":335,"minecraft:drop":36,"minecraft:talked_to_villager":5,"minecraft:play_time":210427,"minecraft:sneak_time":8288,"minecraft:deaths":13,"minecraft:walk_under_water_one_cm":98640,"minecraft:boat_one_cm":372470,"minecraft:jump":5906,"minecraft:walk_on_water_one_cm":99686,"minecraft:total_world_time":210427,"minecraft:interact_with_furnace":52,"minecraft:traded_with_villager":2,"minecraft:interact_with_cartography_table":1,"minecraft:interact_with_grindstone":1,"minecraft:sleep_in_bed":4,"minecraft:time_since_rest":1759,"minecraft:damage_taken":5613,"minecraft:damage_dealt":4993,"minecraft:swim_one_cm":203443,"minecraft:fly_one_cm":939385,"minecraft:open_chest":16,"minecraft:crouch_one_cm":20415,"minecraft:fall_one_cm":180268,"minecraft:horse_one_cm":121},"minecraft:crafted":{"minecraft:oak_door":3,"minecraft:oak_planks":24,"minecraft:furnace":3,"minecraft:cooked_mutton":2,"minecraft:iron_boots":2,"minecraft:iron_hoe":1,"minecraft:stone_pickaxe":2,"minecraft:dark_oak_planks":56,"minecraft:wheat":625,"minecraft:cooked_beef":2,"minecraft:emerald":2,"minecraft:cooked_porkchop":16,"minecraft:crafting_table":3,"minecraft:wooden_pickaxe":2,"minecraft:iron_helmet":1,"minecraft:iron_sword":2,"minecraft:bucket":2,"minecraft:stone_axe":2,"minecraft:bread":210,"minecraft:air":0,"minecraft:jungle_planks":24,"minecraft:oak_boat":1,"minecraft:iron_chestplate":2,"minecraft:paper":66,"minecraft:shield":2,"minecraft:stick":20,"minecraft:iron_ingot":29,"minecraft:iron_pickaxe":1,"minecraft:stone_sword":1,"minecraft:iron_leggings":1,"minecraft:white_bed":1,"minecraft:torch":8}},"DataVersion":3465}