{"stats":{"minecraft:mined":{"minecraft:grass":2,"minecraft:jungle_log":6,"minecraft:stone":33,"minecraft:oak_leaves":5},"minecraft:picked_up":{"minecraft:stick":2,"minecraft:jungle_log":6,"minecraft:cobblestone":33},"minecraft:crafted":{"minecraft:crafting_table":1,"minecraft:stick":8,"minecraft:wooden_pickaxe":1,"minecraft:jungle_planks":24,"minecraft:stone_pickaxe":1},"minecraft:custom":{"minecraft:time_since_rest":3656,"minecraft:crouch_one_cm":1554,"minecraft:play_time":3656,"minecraft:sprint_one_cm":4520,"minecraft:damage_taken":10,"minecraft:walk_one_cm":4279,"minecraft:sneak_time":480,"minecraft:jump":35,"minecraft:time_since_death":3656,"minecraft:total_world_time":3656,"minecraft:climb_one_cm":196,"minecraft:interact_with_crafting_table":4,"minecraft:fall_one_cm":1021,"minecraft:fly_one_cm":4192},"minecraft:used":{"minecraft:crafting_table":1,"minecraft:stone_pickaxe":26,"minecraft:wooden_pickaxe":7}},"DataVersion":3465}