{"stats":{"minecraft:killed":{"minecraft:pig":4,"minecraft:spider":1,"minecraft:sheep":2,"minecraft:skeleton":2,"minecraft:zombie":6,"minecraft:chicken":2},"minecraft:mined":{"minecraft:brown_mushroom":1,"minecraft:dark_oak_leaves":6,"minecraft:sculk_vein":2,"minecraft:cherry_log":2,"minecraft:soul_fire":2,"minecraft:dark_oak_log":15,"minecraft:crafting_table":4,"minecraft:cave_vines_plant":4,"minecraft:emerald_ore":2,"minecraft:spruce_fence":1,"minecraft:jungle_log":8,"minecraft:sculk_sensor":2,"minecraft:tall_grass":1,"minecraft:cobblestone":3,"minecraft:moss_block":5,"minecraft:sculk":6,"minecraft:wall_torch":3,"minecraft:big_dripleaf":1,"minecraft:spore_blossom":1,"minecraft:furnace":3,"minecraft:iron_ore":49,"minecraft:stripped_spruce_log":1,"minecraft:grass":12,"minecraft:coal_ore":32,"minecraft:cave_vines":14,"minecraft:deepslate_iron_ore":17,"minecraft:vine":2,"minecraft:smooth_basalt":1,"minecraft:azalea":1,"minecraft:stone":95,"minecraft:oak_leaves":5,"minecraft:deepslate":26,"minecraft:fern":2},"minecraft:picked_up":{"minecraft:crafting_table":6,"minecraft:iron_chestplate":1,"minecraft:feather":1,"minecraft:chicken":2,"minecraft:clay_ball":112,"minecraft:water_bucket":3,"minecraft:jungle_log":8,"minecraft:brown_mushroom":1,"minecraft:wooden_pickaxe":1,"minecraft:shield":3,"minecraft:gunpowder":1,"minecraft:moss_carpet":8,"minecraft:iron_axe":3,"minecraft:iron_leggings":2,"minecraft:bone":2,"minecraft:bow":1,"minecraft:wheat_seeds":4,"minecraft:cobbled_deepslate":29,"minecraft:spore_blossom":1,"minecraft:iron_ingot":29,"minecraft:azalea":2,"minecraft:iron_pickaxe":3,"minecraft:moss_block":4,"minecraft:iron_sword":3,"minecraft:flowering_azalea":1,"minecraft:iron_boots":1,"minecraft:furnace":3,"minecraft:stick":194,"minecraft:raw_iron":92,"minecraft:big_dripleaf":20,"minecraft:axolotl_bucket":1,"minecraft:torch":10,"minecraft:spruce_fence":2,"minecraft:porkchop":10,"minecraft:cherry_log":2,"minecraft:stripped_spruce_log":1,"minecraft:dark_oak_log":14,"minecraft:dark_oak_planks":7,"minecraft:arrow":3,"minecraft:rotten_flesh":8,"minecraft:iron_helmet":1,"minecraft:emerald":2,"minecraft:glow_berries":61,"minecraft:mutton":3,"minecraft:coal":53,"minecraft:white_wool":4,"minecraft:cobblestone":150},"minecraft:dropped":{"minecraft:moss_carpet":8,"minecraft:moss_block":2,"minecraft:wheat_seeds":3,"minecraft:spore_blossom":1,"minecraft:feather":1,"minecraft:rotten_flesh":5,"minecraft:clay_ball":64,"minecraft:azalea":1,"minecraft:flowering_azalea":1},"minecraft:used":{"minecraft:azalea":1,"minecraft:water_bucket":20,"minecraft:stone_pickaxe":64,"minecraft:wooden_pickaxe":10,"minecraft:shield":4,"minecraft:brown_mushroom":1,"minecraft:iron_sword":38,"minecraft:iron_chestplate":1,"minecraft:torch":4,"minecraft:glow_berries":30,"minecraft:mutton":1,"minecraft:crafting_table":5,"minecraft:spruce_fence":1,"minecraft:chicken":1,"minecraft:iron_axe":4,"minecraft:iron_pickaxe":170,"minecraft:iron_boots":1,"minecraft:stone_axe":42,"minecraft:cobblestone":14,"minecraft:porkchop":2,"minecraft:furnace":3,"minecraft:cooked_porkchop":6,"minecraft:bucket":22,"minecraft:cobbled_deepslate":23,"minecraft:iron_leggings":1},"minecraft:killed_by":{"minecraft:skeleton":4,"minecraft:witch":1,"minecraft:zombie":2},"minecraft:crafted":{"minecraft:cooked_porkchop":6,"minecraft:crafting_table":2,"minecraft:wooden_pickaxe":2,"minecraft:iron_helmet":1,"minecraft:iron_sword":1,"minecraft:furnace":2,"minecraft:bucket":2,"minecraft:stone_axe":2,"minecraft:air":0,"minecraft:jungle_planks":24,"minecraft:iron_boots":2,"minecraft:iron_chestplate":1,"minecraft:shield":1,"minecraft:stick":20,"minecraft:iron_ingot":29,"minecraft:iron_pickaxe":1,"minecraft:stone_pickaxe":2,"minecraft:stone_sword":1,"minecraft:iron_leggings":1,"minecraft:dark_oak_planks":56,"minecraft:torch":8},"minecraft:custom":{"minecraft:interact_with_furnace":36,"minecraft:mob_kills":17,"minecraft:interact_with_crafting_table":22,"minecraft:open_barrel":2,"minecraft:leave_game":4,"minecraft:time_since_death":2743,"minecraft:climb_one_cm":10529,"minecraft:time_since_rest":2769,"minecraft:sprint_one_cm":220807,"minecraft:damage_taken":2819,"minecraft:walk_one_cm":156394,"minecraft:damage_blocked_by_shield":175,"minecraft:drop":16,"minecraft:damage_dealt":2463,"minecraft:swim_one_cm":32732,"minecraft:fly_one_cm":394492,"minecraft:crouch_one_cm":11409,"minecraft:play_time":99592,"minecraft:sneak_time":5214,"minecraft:deaths":9,"minecraft:walk_under_water_one_cm":40754,"minecraft:jump":3048,"minecraft:walk_on_water_one_cm":56251,"minecraft:total_world_time":99592,"minecraft:fall_one_cm":93271}},"DataVersion":3465}