{
  "minecraft:recipes/decorations/crafting_table": {
    "criteria": {
      "unlock_right_away": "2024-07-14 19:20:12 +0000"
    },
    "done": true
  },
  "the_bumblezone:root": {
    "criteria": {
      "instant_granted": "2024-07-14 19:20:12 +0000"
    },
    "done": true
  },
  "the_bumblezone:wiki": {
    "criteria": {
      "instant_granted": "2024-07-14 19:20:12 +0000"
    },
    "done": true
  },
  "minecraft:adventure/adventuring_time": {
    "criteria": {
      "minecraft:old_growth_pine_taiga": "2024-07-14 19:22:34 +0000",
      "minecraft:bamboo_jungle": "2024-07-14 19:21:03 +0000",
      "minecraft:dark_forest": "2024-07-14 19:20:32 +0000",
      "minecraft:sparse_jungle": "2024-07-14 19:20:26 +0000",
      "minecraft:river": "2024-07-14 19:20:59 +0000",
      "minecraft:lush_caves": "2024-07-14 19:21:38 +0000"
    },
    "done": false
  },
  "niftycarts:recipes/supply_cart": {
    "criteria": {
      "has_wheel": "2024-07-14 19:21:19 +0000"
    },
    "done": true
  },
  "niftycarts:recipes/plow": {
    "criteria": {
      "has_wheel": "2024-07-14 19:21:19 +0000"
    },
    "done": true
  },
  "friendsandfoes:nether/obtain_wildfire_crown": {
    "criteria": {
      "wildfire_crown": "2024-07-14 19:21:19 +0000"
    },
    "done": true
  },
  "niftycarts:recipes/animal_cart": {
    "criteria": {
      "has_wheel": "2024-07-14 19:21:19 +0000"
    },
    "done": true
  },
  "DataVersion": 3465
}